year,team,player_name,birth_date,player_id,match_status,value_date,value
2018,Egypt,Essam El Hadary,1973-01-15,34385,matched,2018-05-31,100000.0
2018,Egypt,Ali Gabr,1989-01-01,,no_birthdate_name_match,,
2018,Egypt,Ahmed Elmohamady,1987-09-09,,no_birthdate_name_match,,
2018,Egypt,Omar Gaber,1992-01-30,,no_birthdate_name_match,,
2018,Egypt,Sam Morsy,1991-09-10,123551,matched,2018-06-05,750000.0
2018,Egypt,Ahmed Hegazi,1991-01-25,,no_birthdate_name_match,,
2018,Egypt,Ahmed Fathy,1984-11-10,,no_birthdate_name_match,,
2018,Egypt,Tarek Hamed,1988-10-24,,no_birthdate_name_match,,
2018,Egypt,Marwan Mohsen,1989-02-26,149532,matched,2018-05-22,800000.0
2018,Egypt,Mohamed Salah,1992-06-15,148455,matched,2018-05-27,150000000.0
2018,Egypt,Kahraba,1994-04-13,,no_birthdate_name_match,,
2018,Egypt,Ayman Ashraf,1991-04-09,,no_birthdate_name_match,,
2018,Egypt,Mohamed Abdel Shafy,1985-07-01,,no_birthdate_name_match,,
2018,Egypt,Ramadan Sobhi,1997-01-23,312017,matched,2018-05-27,7000000.0
2018,Egypt,Mahmoud Hamdy,1995-06-01,,no_birthdate_name_match,,
2018,Egypt,Sherif Ekramy,1983-07-10,,no_birthdate_name_match,,
2018,Egypt,Mohamed Elneny,1992-07-11,160438,matched,2018-05-27,10000000.0
2018,Egypt,Shikabala,1986-03-05,,no_birthdate_name_match,,
2018,Egypt,Abdallah El Said,1985-07-13,,no_birthdate_name_match,,
2018,Egypt,Saad Samir,1989-04-01,,no_birthdate_name_match,,
2018,Egypt,Trézéguet,1994-10-01,,no_birthdate_name_match,,
2018,Egypt,Amr Warda,1993-09-17,237641,matched,2018-05-21,2500000.0
2018,Egypt,Mohamed El Shenawy,1988-12-18,,no_birthdate_name_match,,
2018,Russia,Igor Akinfeev,1986-04-08,15570,matched,2018-06-05,10000000.0
2018,Russia,Mário Fernandes,1990-09-19,102740,matched,2018-06-05,16000000.0
2018,Russia,Ilya Kutepov,1993-07-29,129096,matched,2018-06-05,3400000.0
2018,Russia,Sergei Ignashevich,1979-07-14,,no_birthdate_name_match,,
2018,Russia,Andrei Semyonov,1989-03-24,,no_birthdate_name_match,,
2018,Russia,Denis Cheryshev,1990-12-26,98322,matched,2018-05-29,3000000.0
2018,Russia,Daler Kuzyayev,1993-01-15,,no_birthdate_name_match,,
2018,Russia,Yury Gazinsky,1989-07-20,,no_birthdate_name_match,,
2018,Russia,Alan Dzagoev,1990-06-17,69683,matched,2018-06-05,15000000.0
2018,Russia,Fyodor Smolov,1990-02-09,,no_birthdate_name_match,,
2018,Russia,Roman Zobnin,1994-02-11,166277,matched,2018-06-05,8000000.0
2018,Russia,Andrey Lunyov,1991-11-13,,no_birthdate_name_match,,
2018,Russia,Fyodor Kudryashov,1987-04-05,,no_birthdate_name_match,,
2018,Russia,Vladimir Granat,1987-05-22,31068,matched,2018-06-05,2000000.0
2018,Russia,Aleksei Miranchuk,1995-10-17,,no_birthdate_name_match,,
2018,Russia,Anton Miranchuk,1995-10-17,255451,matched,2018-06-05,8000000.0
2018,Russia,Aleksandr Golovin,1996-05-30,263918,matched,2018-06-05,18000000.0
2018,Russia,Yuri Zhirkov,1983-08-20,,no_birthdate_name_match,,
2018,Russia,Aleksandr Samedov,1984-07-19,,no_birthdate_name_match,,
2018,Russia,Vladimir Gabulov,1983-10-19,24131,matched,2018-06-02,700000.0
2018,Russia,Aleksandr Yerokhin,1989-10-13,,no_birthdate_name_match,,
2018,Russia,Artem Dzyuba,1988-08-22,,no_birthdate_name_match,,
2018,Russia,Igor Smolnikov,1988-08-08,46635,matched,2018-06-05,7000000.0
2018,Saudi Arabia,Abdullah Al-Mayouf,1987-01-23,,no_birthdate_name_match,,
2018,Saudi Arabia,Mansoor Al-Harbi,1987-10-19,,no_birthdate_name_match,,
2018,Saudi Arabia,Osama Hawsawi,1984-03-31,,no_birthdate_name_match,,
2018,Saudi Arabia,Ali Al-Bulaihi,1989-11-21,,no_birthdate_name_match,,
2018,Saudi Arabia,Omar Hawsawi,1985-09-27,,no_birthdate_name_match,,
2018,Saudi Arabia,Mohammed Al-Breik,1992-09-15,,no_birthdate_name_match,,
2018,Saudi Arabia,Salman Al-Faraj,1989-08-01,,no_birthdate_name_match,,
2018,Saudi Arabia,Yahya Al-Shehri,1990-06-26,,no_birthdate_name_match,,
2018,Saudi Arabia,Hattan Bahebri,1992-07-16,,no_birthdate_name_match,,
2018,Saudi Arabia,Mohammad Al-Sahlawi,1987-01-10,,no_birthdate_name_match,,
2018,Saudi Arabia,Abdulmalek Al-Khaibri,1986-03-13,,no_birthdate_name_match,,
2018,Saudi Arabia,Mohamed Kanno,1994-09-22,,no_birthdate_name_match,,
2018,Saudi Arabia,Yasser Al-Shahrani,1992-05-25,,no_birthdate_name_match,,
2018,Saudi Arabia,Abdullah Otayf,1992-08-03,,no_birthdate_name_match,,
2018,Saudi Arabia,Abdullah Al-Khaibari,1996-08-16,,no_birthdate_name_match,,
2018,Saudi Arabia,Housain Al-Mogahwi,1988-03-24,,no_birthdate_name_match,,
2018,Saudi Arabia,Taisir Al-Jassim,1984-07-25,,no_birthdate_name_match,,
2018,Saudi Arabia,Salem Al-Dawsari,1991-08-19,,no_birthdate_name_match,,
2018,Saudi Arabia,Fahad Al-Muwallad,1994-09-14,,no_birthdate_name_match,,
2018,Saudi Arabia,Muhannad Assiri,1986-10-14,,no_birthdate_name_match,,
2018,Saudi Arabia,Yasser Al-Mosailem,1984-02-27,,no_birthdate_name_match,,
2018,Saudi Arabia,Mohammed Al-Owais,1991-10-10,,no_birthdate_name_match,,
2018,Saudi Arabia,Motaz Hawsawi,1992-02-17,,no_birthdate_name_match,,
2018,Uruguay,Fernando Muslera,1986-06-16,58088,matched,2018-05-28,6000000.0
2018,Uruguay,José Giménez,1995-01-20,,no_birthdate_name_match,,
2018,Uruguay,Diego Godín,1986-02-16,54928,matched,2018-05-29,35000000.0
2018,Uruguay,Guillermo Varela,1993-03-24,188862,matched,2018-02-04,2000000.0
2018,Uruguay,Carlos Sánchez,1984-12-02,74373,matched,2018-04-09,1500000.0
2018,Uruguay,Rodrigo Bentancur,1997-06-25,354362,matched,2018-06-06,15000000.0
2018,Uruguay,Cristian Rodríguez,1985-09-30,33448,matched,2018-02-04,500000.0
2018,Uruguay,Nahitan Nández,1995-12-28,315063,matched,2018-05-07,6000000.0
2018,Uruguay,Luis Suárez,1987-01-24,44352,matched,2018-05-29,70000000.0
2018,Uruguay,Giorgian de Arrascaeta,1994-06-01,248410,matched,2018-05-22,9000000.0
2018,Uruguay,Cristhian Stuani,1986-10-12,59323,matched,2018-05-29,7500000.0
2018,Uruguay,Martín Campaña,1989-05-29,,no_birthdate_name_match,,
2018,Uruguay,Gastón Silva,1994-03-05,189452,matched,2018-05-07,2500000.0
2018,Uruguay,Lucas Torreira,1996-02-11,318077,matched,2018-06-06,30000000.0
2018,Uruguay,Matías Vecino,1991-08-24,143812,matched,2018-06-06,21000000.0
2018,Uruguay,Maxi Pereira,1984-06-08,57834,matched,2018-06-12,1000000.0
2018,Uruguay,Diego Laxalt,1993-02-07,230552,matched,2018-06-06,13000000.0
2018,Uruguay,Maxi Gómez,1996-08-14,396894,matched,2018-05-29,25000000.0
2018,Uruguay,Sebastián Coates,1990-10-07,102427,matched,2018-06-12,10000000.0
2018,Uruguay,Jonathan Urretaviscaya,1990-03-19,74621,matched,2018-04-09,3500000.0
2018,Uruguay,Edinson Cavani,1987-02-14,48280,matched,2018-06-03,60000000.0
2018,Uruguay,Martín Cáceres,1987-04-07,54935,matched,2018-06-06,2500000.0
2018,Uruguay,Martín Silva,1983-03-25,,no_birthdate_name_match,,
2018,Iran,Alireza Beiranvand,1992-09-21,229081,matched,2018-06-08,1200000.0
2018,Iran,Mehdi Torabi,1994-09-10,283833,matched,2018-06-08,1000000.0
2018,Iran,Ehsan Hajsafi,1990-02-25,77547,matched,2018-05-21,1500000.0
2018,Iran,Rouzbeh Cheshmi,1993-07-24,,no_birthdate_name_match,,
2018,Iran,Milad Mohammadi,1993-09-29,333355,matched,2018-06-05,2800000.0
2018,Iran,Saeid Ezatolahi,1996-10-01,,no_birthdate_name_match,,
2018,Iran,Masoud Shojaei,1984-06-09,26574,matched,2018-05-21,700000.0
2018,Iran,Morteza Pouraliganji,1992-04-19,,no_birthdate_name_match,,
2018,Iran,Omid Ebrahimi,1987-09-16,,no_birthdate_name_match,,
2018,Iran,Karim Ansarifard,1990-04-03,,no_birthdate_name_match,,
2018,Iran,Vahid Amiri,1988-04-02,,no_birthdate_name_match,,
2018,Iran,Mohammad Rashid Mazaheri,1989-05-18,,no_birthdate_name_match,,
2018,Iran,Mohammad Reza Khanzadeh,1991-05-11,,no_birthdate_name_match,,
2018,Iran,Saman Ghoddos,1993-09-06,204294,matched,2017-11-16,1600000.0
2018,Iran,Pejman Montazeri,1983-09-06,,no_birthdate_name_match,,
2018,Iran,Reza Ghoochannejhad,1987-09-20,39522,matched,2018-06-11,1500000.0
2018,Iran,Mehdi Taremi,1992-07-18,307058,matched,2018-05-08,1700000.0
2018,Iran,Alireza Jahanbakhsh,1993-08-11,213268,matched,2018-06-11,12000000.0
2018,Iran,Majid Hosseini,1996-06-20,,no_birthdate_name_match,,
2018,Iran,Sardar Azmoun,1995-01-01,180337,matched,2018-06-05,9000000.0
2018,Iran,Ashkan Dejagah,1986-07-05,,no_birthdate_name_match,,
2018,Iran,Amir Abedzadeh,1993-04-26,218431,matched,2018-06-12,1000000.0
2018,Iran,Ramin Rezaeian,1990-03-21,,no_birthdate_name_match,,
2018,Morocco,Yassine Bounou,1991-04-05,207834,matched,2018-05-29,3000000.0
2018,Morocco,Achraf Hakimi,1998-11-04,398073,matched,2018-05-29,5000000.0
2018,Morocco,Hamza Mendyl,1997-10-21,447221,matched,2018-06-03,600000.0
2018,Morocco,Manuel da Costa,1986-05-06,37398,matched,2018-05-28,700000.0
2018,Morocco,Medhi Benatia,1987-04-17,,no_birthdate_name_match,,
2018,Morocco,Romain Saïss,1990-03-26,204198,matched,2018-06-05,6000000.0
2018,Morocco,Hakim Ziyech,1993-03-19,217111,matched,2018-06-11,25000000.0
2018,Morocco,Karim El Ahmadi,1985-01-27,25523,matched,2018-06-11,3000000.0
2018,Morocco,Ayoub El Kaabi,1993-06-25,,no_birthdate_name_match,,
2018,Morocco,Younès Belhanda,1990-02-25,,no_birthdate_name_match,,
2018,Morocco,Fayçal Fajr,1988-08-01,,no_birthdate_name_match,,
2018,Morocco,Munir Mohamedi,1989-05-10,,no_birthdate_name_match,,
2018,Morocco,Khalid Boutaïb,1987-04-24,231941,matched,2018-05-28,1750000.0
2018,Morocco,Mbark Boussoufa,1984-08-15,,no_birthdate_name_match,,
2018,Morocco,Youssef Aït Bennasser,1996-07-07,265569,matched,2018-06-03,7000000.0
2018,Morocco,Nordin Amrabat,1987-03-31,55619,matched,2018-05-29,3000000.0
2018,Morocco,Nabil Dirar,1986-02-25,,no_birthdate_name_match,,
2018,Morocco,Amine Harit,1997-06-18,372711,matched,2018-06-04,25000000.0
2018,Morocco,Youssef En-Nesyri,1997-06-01,433049,matched,2018-05-29,1800000.0
2018,Morocco,Aziz Bouhaddouz,1987-03-30,49821,matched,2018-01-21,800000.0
2018,Morocco,Sofyan Amrabat,1996-08-21,287579,matched,2018-06-11,4500000.0
2018,Morocco,Ahmed Reda Tagnaouti,1996-04-05,,no_birthdate_name_match,,
2018,Morocco,Mehdi Carcela,1989-07-01,,no_birthdate_name_match,,
2018,Portugal,Rui Patrício,1988-02-15,45026,matched,2018-06-12,16000000.0
2018,Portugal,Bruno Alves,1981-11-27,13121,matched,2018-03-03,500000.0
2018,Portugal,Pepe,1983-02-26,14132,matched,2018-05-28,2000000.0
2018,Portugal,Manuel Fernandes,1986-02-05,16791,matched,2018-06-05,5400000.0
2018,Portugal,Raphaël Guerreiro,1993-12-22,170986,matched,2018-06-04,18000000.0
2018,Portugal,José Fonte,1983-12-22,33829,matched,2018-06-04,2000000.0
2018,Portugal,Cristiano Ronaldo,1985-02-05,8198,matched,2018-05-29,100000000.0
2018,Portugal,João Moutinho,1986-09-08,29364,matched,2018-06-03,10000000.0
2018,Portugal,André Silva,1995-11-06,198008,matched,2018-06-06,22000000.0
2018,Portugal,João Mário,1993-01-19,149729,matched,2018-05-27,25000000.0
2018,Portugal,Bernardo Silva,1994-08-10,241641,matched,2018-05-27,50000000.0
2018,Portugal,Anthony Lopes,1990-10-01,60561,matched,2018-06-03,20000000.0
2018,Portugal,Rúben Dias,1997-05-14,258004,matched,2018-06-12,22000000.0
2018,Portugal,William Carvalho,1992-04-07,100131,matched,2018-06-12,25000000.0
2018,Portugal,Ricardo Pereira,1993-10-06,215876,matched,2018-06-12,20000000.0
2018,Portugal,Bruno Fernandes,1994-09-08,240306,matched,2018-06-12,30000000.0
2018,Portugal,Gonçalo Guedes,1996-11-29,225122,matched,2018-05-29,40000000.0
2018,Portugal,Gelson Martins,1995-05-11,257448,matched,2018-06-12,35000000.0
2018,Portugal,Mário Rui,1991-05-27,87884,matched,2018-06-06,14000000.0
2018,Portugal,Ricardo Quaresma,1983-09-26,4188,matched,2018-05-28,2000000.0
2018,Portugal,Cédric,1991-08-31,,no_birthdate_name_match,,
2018,Portugal,Beto,1982-05-01,35242,matched,2018-05-28,600000.0
2018,Portugal,Adrien Silva,1989-03-15,56810,matched,2018-05-27,20000000.0
2018,Spain,David de Gea,1990-11-07,59377,matched,2018-05-27,70000000.0
2018,Spain,Dani Carvajal,1992-01-11,,no_birthdate_name_match,,
2018,Spain,Gerard Piqué,1987-02-02,18944,matched,2018-05-29,50000000.0
2018,Spain,Nacho,1990-01-18,,no_birthdate_name_match,,
2018,Spain,Sergio Busquets,1988-07-16,65230,matched,2018-05-29,80000000.0
2018,Spain,Andrés Iniesta,1984-05-11,7600,matched,2018-05-29,10000000.0
2018,Spain,Saúl,1994-11-21,,no_birthdate_name_match,,
2018,Spain,Koke,1992-01-08,74229,matched,2018-05-29,70000000.0
2018,Spain,Rodrigo,1991-03-06,131505,matched,2018-05-29,40000000.0
2018,Spain,Thiago,1991-04-11,,no_birthdate_name_match,,
2018,Spain,Lucas Vázquez,1991-07-01,221316,matched,2018-05-29,25000000.0
2018,Spain,Álvaro Odriozola,1995-12-14,280730,matched,2018-05-29,25000000.0
2018,Spain,Kepa Arrizabalaga,1994-10-03,192279,matched,2018-05-29,20000000.0
2018,Spain,César Azpilicueta,1989-08-28,57500,matched,2018-05-27,40000000.0
2018,Spain,Sergio Ramos,1986-03-30,25557,matched,2018-05-29,45000000.0
2018,Spain,Nacho Monreal,1986-02-26,43003,matched,2018-05-27,13000000.0
2018,Spain,Iago Aspas,1987-08-01,72047,matched,2018-05-29,25000000.0
2018,Spain,Jordi Alba,1989-03-21,69751,matched,2018-05-29,60000000.0
2018,Spain,Diego Costa,1988-10-07,44779,matched,2018-05-29,60000000.0
2018,Spain,Marco Asensio,1996-01-21,296622,matched,2018-05-29,75000000.0
2018,Spain,David Silva,1986-01-08,35518,matched,2018-05-27,30000000.0
2018,Spain,Isco,1992-04-21,85288,matched,2018-05-29,75000000.0
2018,Spain,Pepe Reina,1982-08-31,7825,matched,2018-06-06,1000000.0
2018,Australia,Mathew Ryan,1992-04-08,128969,matched,2018-05-27,8000000.0
2018,Australia,Miloš Degenek,1994-04-28,187353,matched,2018-01-04,800000.0
2018,Australia,James Meredith,1988-04-05,,no_birthdate_name_match,,
2018,Australia,Tim Cahill,1979-12-06,13556,matched,2018-02-26,500000.0
2018,Australia,Mark Milligan,1985-08-04,37372,matched,2018-05-31,850000.0
2018,Australia,Matthew Jurman,1989-12-08,68499,matched,2017-12-14,1100000.0
2018,Australia,Mathew Leckie,1991-02-04,126214,matched,2018-06-04,4000000.0
2018,Australia,Massimo Luongo,1992-09-25,181687,matched,2018-02-26,4500000.0
2018,Australia,Tomi Juric,1991-07-22,171820,matched,2018-04-23,2500000.0
2018,Australia,Robbie Kruse,1988-10-05,51972,matched,2018-01-21,900000.0
2018,Australia,Andrew Nabbout,1992-12-17,247289,matched,2018-06-05,550000.0
2018,Australia,Brad Jones,1982-03-19,4042,matched,2018-06-11,1000000.0
2018,Australia,Aaron Mooy,1990-09-15,123951,matched,2018-05-27,10000000.0
2018,Australia,Jamie Maclaren,1993-07-29,173591,matched,2018-03-03,1000000.0
2018,Australia,Mile Jedinak,1984-08-03,28336,matched,2018-02-26,2500000.0
2018,Australia,Aziz Behich,1990-12-16,136834,matched,2018-05-28,2750000.0
2018,Australia,Daniel Arzani,1999-01-04,399997,matched,2018-05-06,500000.0
2018,Australia,Danny Vukovic,1985-03-27,43113,matched,2018-06-02,1000000.0
2018,Australia,Josh Risdon,1992-07-27,160614,matched,2018-06-13,750000.0
2018,Australia,Trent Sainsbury,1992-01-05,145840,matched,2018-04-23,1000000.0
2018,Australia,Dimitri Petratos,1992-11-10,153882,matched,2018-06-13,800000.0
2018,Australia,Jackson Irvine,1993-03-07,192557,matched,2018-02-26,2000000.0
2018,Australia,Tom Rogic,1992-12-16,213672,matched,2018-03-03,2500000.0
2018,Denmark,Kasper Schmeichel,1986-11-05,16911,matched,2018-05-27,10000000.0
2018,Denmark,Michael Krohn-Dehli,1983-06-06,18006,matched,2018-05-29,800000.0
2018,Denmark,Jannik Vestergaard,1992-08-03,99331,matched,2018-06-04,14000000.0
2018,Denmark,Simon Kjær,1989-03-26,,no_birthdate_name_match,,
2018,Denmark,Jonas Knudsen,1992-09-16,144904,matched,2018-06-05,1000000.0
2018,Denmark,Andreas Christensen,1996-04-10,196948,matched,2018-05-27,40000000.0
2018,Denmark,William Kvist,1985-02-24,,no_birthdate_name_match,,
2018,Denmark,Thomas Delaney,1991-09-03,91849,matched,2018-06-04,12000000.0
2018,Denmark,Nicolai Jørgensen,1991-01-15,100399,matched,2018-06-11,14000000.0
2018,Denmark,Christian Eriksen,1992-02-14,69633,matched,2018-05-27,80000000.0
2018,Denmark,Martin Braithwaite,1991-06-05,95732,matched,2018-06-03,8000000.0
2018,Denmark,Kasper Dolberg,1997-10-06,283196,matched,2018-06-11,12000000.0
2018,Denmark,Mathias Jørgensen,1990-04-23,52059,matched,2018-05-27,5000000.0
2018,Denmark,Henrik Dalsgaard,1989-07-27,93315,matched,2018-02-26,1500000.0
2018,Denmark,Viktor Fischer,1994-06-09,95755,matched,2018-06-01,3500000.0
2018,Denmark,Jonas Lössl,1989-02-01,48870,matched,2018-05-27,5000000.0
2018,Denmark,Jens Stryger Larsen,1991-02-21,69646,matched,2018-06-06,2000000.0
2018,Denmark,Lukas Lerager,1993-07-12,167105,matched,2018-06-03,6000000.0
2018,Denmark,Lasse Schöne,1986-05-27,34784,matched,2018-06-11,3000000.0
2018,Denmark,Yussuf Poulsen,1994-06-15,157635,matched,2018-06-04,10000000.0
2018,Denmark,Andreas Cornelius,1993-03-16,203412,matched,2018-06-06,3000000.0
2018,Denmark,Frederik Rønnow,1992-08-04,,no_birthdate_name_match,,
2018,Denmark,Pione Sisto,1995-02-04,252641,matched,2018-05-29,15000000.0
2018,France,Hugo Lloris,1986-12-26,17965,matched,2018-05-27,25000000.0
2018,France,Benjamin Pavard,1996-03-28,353366,matched,2018-06-04,30000000.0
2018,France,Presnel Kimpembe,1995-08-13,282041,matched,2018-06-03,30000000.0
2018,France,Raphaël Varane,1993-04-25,164770,matched,2018-05-29,70000000.0
2018,France,Samuel Umtiti,1993-11-14,126540,matched,2018-05-29,60000000.0
2018,France,Paul Pogba,1993-03-15,122153,matched,2018-05-27,90000000.0
2018,France,Antoine Griezmann,1991-03-21,125781,matched,2018-05-29,100000000.0
2018,France,Thomas Lemar,1995-11-12,205562,matched,2018-06-03,65000000.0
2018,France,Olivier Giroud,1986-09-30,82442,matched,2018-05-27,18000000.0
2018,France,Kylian Mbappé,1998-12-20,342229,matched,2018-06-03,120000000.0
2018,France,Ousmane Dembélé,1997-05-15,288230,matched,2018-05-29,80000000.0
2018,France,Corentin Tolisso,1994-08-03,190393,matched,2018-06-04,40000000.0
2018,France,N'Golo Kanté,1991-03-29,,no_birthdate_name_match,,
2018,France,Blaise Matuidi,1987-04-09,33923,matched,2018-06-06,30000000.0
2018,France,Steven Nzonzi,1988-12-15,73734,matched,2018-05-29,30000000.0
2018,France,Steve Mandanda,1985-03-28,23951,matched,2018-06-03,2500000.0
2018,France,Adil Rami,1985-12-27,51118,matched,2018-06-03,7000000.0
2018,France,Nabil Fekir,1993-07-18,203496,matched,2018-06-03,60000000.0
2018,France,Djibril Sidibé,1992-07-29,161869,matched,2018-06-03,23000000.0
2018,France,Florian Thauvin,1993-01-26,184892,matched,2018-06-03,50000000.0
2018,France,Lucas Hernandez,1996-02-14,281963,matched,2018-05-29,35000000.0
2018,France,Benjamin Mendy,1994-07-17,157495,matched,2018-05-27,40000000.0
2018,France,Alphonse Areola,1993-02-27,120629,matched,2018-06-03,15000000.0
2018,Peru,Pedro Gallese,1990-02-23,95172,matched,2018-04-09,1000000.0
2018,Peru,Alberto Rodríguez,1984-03-31,,no_birthdate_name_match,,
2018,Peru,Aldo Corzo,1989-05-20,,no_birthdate_name_match,,
2018,Peru,Anderson Santamaría,1992-01-10,142745,matched,2018-04-09,500000.0
2018,Peru,Miguel Araujo,1994-10-24,211420,matched,2017-12-28,500000.0
2018,Peru,Miguel Trauco,1992-08-25,177690,matched,2018-05-22,1750000.0
2018,Peru,Paolo Hurtado,1990-07-27,,no_birthdate_name_match,,
2018,Peru,Christian Cueva,1991-11-23,,no_birthdate_name_match,,
2018,Peru,Paolo Guerrero,1984-01-01,2989,matched,2018-05-22,3000000.0
2018,Peru,Jefferson Farfán,1984-10-26,,no_birthdate_name_match,,
2018,Peru,Raúl Ruidíaz,1990-07-25,129724,matched,2018-04-09,5000000.0
2018,Peru,Carlos Cáceda,1991-09-27,94359,matched,2018-04-09,500000.0
2018,Peru,Renato Tapia,1995-07-28,277137,matched,2018-06-11,4000000.0
2018,Peru,Andy Polo,1994-09-29,,no_birthdate_name_match,,
2018,Peru,Christian Ramos,1988-11-04,,no_birthdate_name_match,,
2018,Peru,Wilder Cartagena,1994-09-23,224669,matched,2018-04-09,400000.0
2018,Peru,Luis Advíncula,1990-03-02,103890,matched,2018-04-09,1500000.0
2018,Peru,André Carrillo,1991-06-14,135057,matched,2018-05-27,6000000.0
2018,Peru,Yoshimar Yotún,1990-04-07,94880,matched,2018-05-01,900000.0
2018,Peru,Edison Flores,1994-05-14,194998,matched,2018-06-01,400000.0
2018,Peru,José Carvallo,1986-03-01,,no_birthdate_name_match,,
2018,Peru,Nilson Loyola,1994-10-26,,no_birthdate_name_match,,
2018,Peru,Pedro Aquino,1995-04-13,273638,matched,2018-04-09,1000000.0
2018,Argentina,Nahuel Guzmán,1986-02-10,87859,matched,2018-04-09,3000000.0
2018,Argentina,Gabriel Mercado,1987-03-18,45319,matched,2018-05-29,5000000.0
2018,Argentina,Nicolás Tagliafico,1992-08-31,131225,matched,2018-06-11,12000000.0
2018,Argentina,Cristian Ansaldi,1986-09-20,55854,matched,2018-06-06,5000000.0
2018,Argentina,Lucas Biglia,1986-01-30,,no_birthdate_name_match,,
2018,Argentina,Federico Fazio,1987-03-17,45314,matched,2018-06-06,13000000.0
2018,Argentina,Éver Banega,1988-06-29,12249,matched,2018-05-29,12000000.0
2018,Argentina,Marcos Acuña,1991-10-28,60410,matched,2018-06-12,15000000.0
2018,Argentina,Gonzalo Higuaín,1987-12-10,39153,matched,2018-06-06,60000000.0
2018,Argentina,Lionel Messi,1987-06-24,28003,matched,2018-05-29,180000000.0
2018,Argentina,Ángel Di María,1988-02-14,45320,matched,2018-06-03,40000000.0
2018,Argentina,Franco Armani,1986-10-16,,no_birthdate_name_match,,
2018,Argentina,Maximiliano Meza,1992-12-15,282476,matched,2018-05-07,12000000.0
2018,Argentina,Javier Mascherano,1984-06-08,19981,matched,2018-06-04,5000000.0
2018,Argentina,Enzo Pérez,1986-02-22,56066,matched,2018-05-07,2500000.0
2018,Argentina,Marcos Rojo,1990-03-20,,no_birthdate_name_match,,
2018,Argentina,Nicolás Otamendi,1988-02-12,54781,matched,2018-05-27,35000000.0
2018,Argentina,Eduardo Salvio,1990-07-13,84535,matched,2018-06-12,22000000.0
2018,Argentina,Sergio Agüero,1988-06-02,26399,matched,2018-05-27,80000000.0
2018,Argentina,Giovani Lo Celso,1996-04-09,348795,matched,2018-06-03,30000000.0
2018,Argentina,Paulo Dybala,1993-11-15,206050,matched,2018-06-06,110000000.0
2018,Argentina,Cristian Pavón,1996-01-21,373170,matched,2018-05-07,20000000.0
2018,Argentina,Willy Caballero,1981-09-28,19948,matched,2018-05-27,1000000.0
2018,Croatia,Dominik Livaković,1995-01-09,205927,matched,2018-03-17,1500000.0
2018,Croatia,Šime Vrsaljko,1992-01-10,76061,matched,2018-05-29,25000000.0
2018,Croatia,Ivan Strinić,1987-07-17,,no_birthdate_name_match,,
2018,Croatia,Ivan Perišić,1989-02-02,42460,matched,2018-06-06,40000000.0
2018,Croatia,Vedran Ćorluka,1986-02-05,34393,matched,2018-06-05,4000000.0
2018,Croatia,Dejan Lovren,1989-07-05,37838,matched,2018-05-27,20000000.0
2018,Croatia,Ivan Rakitić,1988-03-10,32467,matched,2018-05-29,50000000.0
2018,Croatia,Mateo Kovačić,1994-05-06,51471,matched,2018-05-29,30000000.0
2018,Croatia,Andrej Kramarić,1991-06-19,46580,matched,2018-06-04,27000000.0
2018,Croatia,Luka Modrić,1985-09-09,27992,matched,2018-05-29,25000000.0
2018,Croatia,Marcelo Brozović,1992-11-16,156617,matched,2018-06-06,27000000.0
2018,Croatia,Lovre Kalinić,1990-04-03,46405,matched,2018-06-02,6500000.0
2018,Croatia,Tin Jedvaj,1995-11-28,206386,matched,2018-06-04,5000000.0
2018,Croatia,Filip Bradarić,1992-01-11,,no_birthdate_name_match,,
2018,Croatia,Duje Ćaleta-Car,1996-09-17,238266,matched,2018-06-13,10000000.0
2018,Croatia,Nikola Kalinić,1988-01-05,36371,matched,2018-06-06,14000000.0
2018,Croatia,Mario Mandžukić,1986-05-21,34572,matched,2018-06-06,18000000.0
2018,Croatia,Ante Rebić,1993-09-21,187587,matched,2018-06-04,10000000.0
2018,Croatia,Milan Badelj,1989-02-25,40633,matched,2018-06-06,15000000.0
2018,Croatia,Marko Pjaca,1995-05-06,205940,matched,2018-06-04,15000000.0
2018,Croatia,Domagoj Vida,1989-04-29,46083,matched,2018-05-28,7000000.0
2018,Croatia,Josip Pivarić,1989-01-30,45826,matched,2018-01-11,2000000.0
2018,Croatia,Danijel Subašić,1984-10-27,27941,matched,2018-06-03,4500000.0
2018,Iceland,Hannes Þór Halldórsson,1984-04-27,,no_birthdate_name_match,,
2018,Iceland,Birkir Már Sævarsson,1984-11-11,,no_birthdate_name_match,,
2018,Iceland,Samúel Friðjónsson,1996-02-22,,no_birthdate_name_match,,
2018,Iceland,Albert Guðmundsson,1997-06-15,305947,matched,2018-06-11,1500000.0
2018,Iceland,Sverrir Ingi Ingason,1993-08-05,137648,matched,2018-06-05,3200000.0
2018,Iceland,Ragnar Sigurðsson,1986-06-19,46478,matched,2018-06-05,4000000.0
2018,Iceland,Jóhann Berg Guðmundsson,1990-10-27,89231,matched,2018-05-27,10000000.0
2018,Iceland,Birkir Bjarnason,1988-05-27,34453,matched,2018-02-26,2000000.0
2018,Iceland,Björn Bergmann Sigurðarson,1991-02-26,88016,matched,2018-06-05,1400000.0
2018,Iceland,Gylfi Sigurðsson,1989-09-08,,no_birthdate_name_match,,
2018,Iceland,Alfreð Finnbogason,1989-02-01,90024,matched,2018-06-04,10000000.0
2018,Iceland,Frederik Schram,1995-01-19,279338,matched,2018-06-06,250000.0
2018,Iceland,Rúnar Alex Rúnarsson,1995-02-18,205657,matched,2018-06-01,500000.0
2018,Iceland,Kári Árnason,1982-10-13,30338,matched,2018-03-03,350000.0
2018,Iceland,Hólmar Örn Eyjólfsson,1990-08-06,54871,matched,2018-02-08,2000000.0
2018,Iceland,Ólafur Ingi Skúlason,1983-04-01,9410,matched,2018-05-28,200000.0
2018,Iceland,Aron Gunnarsson,1989-04-22,63821,matched,2018-06-05,2500000.0
2018,Iceland,Hörður Björgvin Magnússon,1993-02-11,130353,matched,2018-02-26,1500000.0
2018,Iceland,Rúrik Gíslason,1988-02-25,15961,matched,2018-03-20,450000.0
2018,Iceland,Emil Hallfreðsson,1984-06-29,22673,matched,2018-06-06,600000.0
2018,Iceland,Arnór Ingvi Traustason,1993-04-30,153237,matched,2017-12-17,1250000.0
2018,Iceland,Jón Daði Böðvarsson,1992-05-25,114090,matched,2018-02-26,2500000.0
2018,Iceland,Ari Freyr Skúlason,1987-05-14,42948,matched,2018-06-02,900000.0
2018,Nigeria,Ikechukwu Ezenwa,1988-10-16,,no_birthdate_name_match,,
2018,Nigeria,Brian Idowu,1992-05-18,,no_birthdate_name_match,,
2018,Nigeria,Elderson Echiéjilé,1988-01-20,,no_birthdate_name_match,,
2018,Nigeria,Wilfred Ndidi,1996-12-16,274839,matched,2018-05-27,25000000.0
2018,Nigeria,William Troost-Ekong,1993-09-01,192875,matched,2018-05-28,1600000.0
2018,Nigeria,Leon Balogun,1988-06-28,56100,matched,2018-06-04,2000000.0
2018,Nigeria,Ahmed Musa,1992-10-14,168337,matched,2018-06-05,15000000.0
2018,Nigeria,Peter Etebo,1995-11-09,409106,matched,2018-05-29,1500000.0
2018,Nigeria,Odion Ighalo,1989-06-16,62121,matched,2018-06-04,9500000.0
2018,Nigeria,John Obi Mikel,1987-04-22,30739,matched,2018-06-04,5500000.0
2018,Nigeria,Victor Moses,1990-12-12,59866,matched,2018-05-27,20000000.0
2018,Nigeria,Shehu Abdullahi,1993-03-12,,no_birthdate_name_match,,
2018,Nigeria,Simeon Nwankwo,1992-05-07,,no_birthdate_name_match,,
2018,Nigeria,Kelechi Iheanacho,1996-03-10,,no_birthdate_name_match,,
2018,Nigeria,Joel Obi,1991-05-22,45581,matched,2018-06-06,5000000.0
2018,Nigeria,Daniel Akpeyi,1986-03-08,,no_birthdate_name_match,,
2018,Nigeria,Ogenyi Onazi,1992-12-25,131709,matched,2018-05-28,3500000.0
2018,Nigeria,Alex Iwobi,1996-05-03,242631,matched,2018-05-27,15000000.0
2018,Nigeria,John Ogu,1988-04-20,84700,matched,2018-06-13,1500000.0
2018,Nigeria,Chidozie Awaziem,1997-01-01,358143,matched,2018-06-03,6000000.0
2018,Nigeria,Tyronne Ebuehi,1995-12-16,309944,matched,2018-06-11,1500000.0
2018,Nigeria,Kenneth Omeruo,1993-10-17,131708,matched,2018-05-28,1750000.0
2018,Nigeria,Francis Uzoho,1998-10-28,295360,matched,2018-05-29,300000.0
2018,Brazil,Alisson,1992-10-02,105470,matched,2018-06-06,60000000.0
2018,Brazil,Thiago Silva,1984-09-22,29241,matched,2018-06-03,10000000.0
2018,Brazil,Miranda,1984-09-07,33357,matched,2018-06-06,8000000.0
2018,Brazil,Pedro Geromel,1985-09-21,32568,matched,2018-05-22,5000000.0
2018,Brazil,Casemiro,1992-02-23,16306,matched,2018-05-29,60000000.0
2018,Brazil,Filipe Luís,1985-08-09,21725,matched,2018-05-29,8000000.0
2018,Brazil,Douglas Costa,1990-09-14,75615,matched,2018-06-06,55000000.0
2018,Brazil,Renato Augusto,1988-02-08,53058,matched,2018-06-04,11000000.0
2018,Brazil,Gabriel Jesus,1997-04-03,363205,matched,2018-05-27,80000000.0
2018,Brazil,Neymar,1992-02-05,68290,matched,2018-06-03,180000000.0
2018,Brazil,Philippe Coutinho,1992-06-12,80444,matched,2018-05-29,100000000.0
2018,Brazil,Marcelo,1988-05-12,44501,matched,2018-05-29,60000000.0
2018,Brazil,Marquinhos,1994-05-14,181767,matched,2018-06-03,55000000.0
2018,Brazil,Danilo,1991-07-15,145707,matched,2018-05-27,20000000.0
2018,Brazil,Paulinho,1988-07-25,57229,matched,2018-05-29,40000000.0
2018,Brazil,Cássio,1987-06-06,50144,matched,2018-05-22,4000000.0
2018,Brazil,Fernandinho,1985-05-04,26267,matched,2018-05-27,15000000.0
2018,Brazil,Fred,1993-03-05,191614,matched,2018-05-13,32000000.0
2018,Brazil,Willian,1988-08-09,52769,matched,2018-05-27,32000000.0
2018,Brazil,Roberto Firmino,1991-10-02,131789,matched,2018-05-27,80000000.0
2018,Brazil,Taison,1988-01-13,76028,matched,2018-01-11,11000000.0
2018,Brazil,Fagner,1989-06-11,47592,matched,2018-05-22,5000000.0
2018,Brazil,Ederson,1993-08-17,238223,matched,2018-05-27,50000000.0
2018,Costa Rica,Keylor Navas,1986-12-15,79422,matched,2018-05-29,18000000.0
2018,Costa Rica,Jhonny Acosta,1983-07-21,,no_birthdate_name_match,,
2018,Costa Rica,Giancarlo González,1988-02-08,111893,matched,2018-06-06,1400000.0
2018,Costa Rica,Ian Smith,1998-03-06,,no_birthdate_name_match,,
2018,Costa Rica,Celso Borges,1988-05-27,81532,matched,2018-05-29,4000000.0
2018,Costa Rica,Óscar Duarte,1989-06-03,175323,matched,2018-05-29,1000000.0
2018,Costa Rica,Christian Bolaños,1984-05-17,38163,matched,2018-05-28,375000.0
2018,Costa Rica,Bryan Oviedo,1990-02-18,124983,matched,2018-06-05,2000000.0
2018,Costa Rica,Daniel Colindres,1985-01-10,,no_birthdate_name_match,,
2018,Costa Rica,Bryan Ruiz,1985-08-18,39642,matched,2018-06-12,1500000.0
2018,Costa Rica,Johan Venegas,1988-11-27,,no_birthdate_name_match,,
2018,Costa Rica,Joel Campbell,1992-06-26,131248,matched,2018-05-29,3000000.0
2018,Costa Rica,Rodney Wallace,1988-06-17,99859,matched,2018-05-01,1000000.0
2018,Costa Rica,Randall Azofeifa,1984-12-30,,no_birthdate_name_match,,
2018,Costa Rica,Francisco Calvo,1992-07-08,188470,matched,2018-05-01,750000.0
2018,Costa Rica,Cristian Gamboa,1989-10-24,121686,matched,2018-03-03,1250000.0
2018,Costa Rica,Yeltsin Tejeda,1992-03-17,,no_birthdate_name_match,,
2018,Costa Rica,Patrick Pemberton,1982-04-24,,no_birthdate_name_match,,
2018,Costa Rica,Kendall Waston,1988-01-01,,no_birthdate_name_match,,
2018,Costa Rica,David Guzmán,1990-02-18,,no_birthdate_name_match,,
2018,Costa Rica,Marco Ureña,1990-03-05,,no_birthdate_name_match,,
2018,Costa Rica,Kenner Gutiérrez,1989-06-09,,no_birthdate_name_match,,
2018,Costa Rica,Leonel Moreira,1990-04-02,,no_birthdate_name_match,,
2018,Serbia,Vladimir Stojković,1983-07-28,,no_birthdate_name_match,,
2018,Serbia,Antonio Rukavina,1984-01-26,,no_birthdate_name_match,,
2018,Serbia,Duško Tošić,1985-01-19,17184,matched,2018-05-28,2000000.0
2018,Serbia,Luka Milivojević,1991-04-07,74300,matched,2018-05-27,15000000.0
2018,Serbia,Uroš Spajić,1993-02-13,160222,matched,2018-06-02,5000000.0
2018,Serbia,Branislav Ivanović,1984-02-22,36827,matched,2018-06-05,3000000.0
2018,Serbia,Andrija Živković,1996-07-11,206843,matched,2018-06-12,18000000.0
2018,Serbia,Aleksandar Prijović,1990-04-21,,no_birthdate_name_match,,
2018,Serbia,Aleksandar Mitrović,1994-09-16,51152,matched,2018-06-05,15000000.0
2018,Serbia,Dušan Tadić,1988-11-20,36139,matched,2018-05-27,15000000.0
2018,Serbia,Aleksandar Kolarov,1985-11-10,46156,matched,2018-06-06,12000000.0
2018,Serbia,Predrag Rajković,1995-10-31,190263,matched,2018-06-13,2500000.0
2018,Serbia,Miloš Veljković,1995-09-26,202228,matched,2018-06-04,6500000.0
2018,Serbia,Milan Rodić,1991-04-02,,no_birthdate_name_match,,
2018,Serbia,Nikola Milenković,1997-10-12,413507,matched,2018-06-06,9000000.0
2018,Serbia,Marko Grujić,1996-04-13,222813,matched,2018-01-01,5000000.0
2018,Serbia,Filip Kostić,1992-11-01,161011,matched,2018-06-04,6000000.0
2018,Serbia,Nemanja Radonjić,1996-02-15,245078,matched,2018-01-09,2500000.0
2018,Serbia,Luka Jović,1997-12-23,257462,matched,2018-06-04,8000000.0
2018,Serbia,Sergej Milinković-Savić,1995-02-27,,no_birthdate_name_match,,
2018,Serbia,Nemanja Matić,1988-08-01,74683,matched,2018-05-27,40000000.0
2018,Serbia,Adem Ljajić,1991-09-29,69374,matched,2018-06-06,13000000.0
2018,Serbia,Marko Dmitrović,1992-01-24,94308,matched,2018-05-29,4000000.0
2018,Switzerland,Yann Sommer,1988-12-17,42205,matched,2018-06-04,8000000.0
2018,Switzerland,Stephan Lichtsteiner,1984-01-16,2865,matched,2018-06-06,1500000.0
2018,Switzerland,François Moubandje,1990-06-21,123021,matched,2018-06-03,2500000.0
2018,Switzerland,Nico Elvedi,1996-09-30,192635,matched,2018-06-04,17000000.0
2018,Switzerland,Manuel Akanji,1995-07-19,284730,matched,2018-06-04,22000000.0
2018,Switzerland,Michael Lang,1991-02-08,51346,matched,2018-04-23,5750000.0
2018,Switzerland,Breel Embolo,1997-02-14,237662,matched,2018-06-04,18000000.0
2018,Switzerland,Remo Freuler,1992-04-15,148252,matched,2018-06-06,14000000.0
2018,Switzerland,Haris Seferovic,1992-02-22,109256,matched,2018-06-12,4000000.0
2018,Switzerland,Granit Xhaka,1992-09-27,111455,matched,2018-05-27,40000000.0
2018,Switzerland,Valon Behrami,1985-04-19,21905,matched,2018-06-06,1000000.0
2018,Switzerland,Yvon Mvogo,1994-06-06,147051,matched,2018-06-04,3000000.0
2018,Switzerland,Ricardo Rodríguez,1992-08-25,86784,matched,2018-06-06,15000000.0
2018,Switzerland,Steven Zuber,1991-08-17,68033,matched,2018-06-04,7000000.0
2018,Switzerland,Blerim Džemaili,1986-04-12,9967,matched,2018-06-06,2500000.0
2018,Switzerland,Gelson Fernandes,1986-09-02,20081,matched,2018-06-04,1500000.0
2018,Switzerland,Denis Zakaria,1996-11-20,334526,matched,2018-06-04,20000000.0
2018,Switzerland,Mario Gavranović,1989-11-24,61380,matched,2018-03-17,3000000.0
2018,Switzerland,Josip Drmić,1992-08-08,140579,matched,2018-06-04,3500000.0
2018,Switzerland,Johan Djourou,1987-01-18,34561,matched,2018-05-28,850000.0
2018,Switzerland,Roman Bürki,1990-11-14,59027,matched,2018-06-04,7000000.0
2018,Switzerland,Fabian Schär,1991-12-20,135343,matched,2018-05-29,3000000.0
2018,Switzerland,Xherdan Shaqiri,1991-10-10,86792,matched,2018-05-27,18000000.0
2018,Germany,Manuel Neuer,1986-03-27,17259,matched,2018-06-04,35000000.0
2018,Germany,Marvin Plattenhardt,1992-01-26,89592,matched,2018-06-04,15000000.0
2018,Germany,Jonas Hector,1990-05-27,108537,matched,2018-06-04,15000000.0
2018,Germany,Matthias Ginter,1994-01-19,124502,matched,2018-06-04,25000000.0
2018,Germany,Mats Hummels,1988-12-16,39728,matched,2018-06-04,60000000.0
2018,Germany,Sami Khedira,1987-04-04,29401,matched,2018-06-06,26000000.0
2018,Germany,Julian Draxler,1993-09-20,85148,matched,2018-06-03,35000000.0
2018,Germany,Toni Kroos,1990-01-04,31909,matched,2018-05-29,80000000.0
2018,Germany,Timo Werner,1996-03-06,170527,matched,2018-06-04,60000000.0
2018,Germany,Mesut Özil,1988-10-15,35664,matched,2018-05-27,50000000.0
2018,Germany,Marco Reus,1989-05-31,35207,matched,2018-06-04,35000000.0
2018,Germany,Kevin Trapp,1990-07-08,45672,matched,2018-06-03,8000000.0
2018,Germany,Thomas Müller,1989-09-13,58358,matched,2018-06-04,60000000.0
2018,Germany,Leon Goretzka,1995-02-06,153084,matched,2018-06-04,40000000.0
2018,Germany,Niklas Süle,1995-09-03,166601,matched,2018-06-04,38000000.0
2018,Germany,Antonio Rüdiger,1993-03-03,86202,matched,2018-05-27,40000000.0
2018,Germany,Jérôme Boateng,1988-09-03,26485,matched,2018-06-04,45000000.0
2018,Germany,Joshua Kimmich,1995-02-08,161056,matched,2018-06-04,55000000.0
2018,Germany,Sebastian Rudy,1990-02-28,57051,matched,2018-06-04,15000000.0
2018,Germany,Julian Brandt,1996-05-02,187492,matched,2018-06-04,40000000.0
2018,Germany,İlkay Gündoğan,1990-10-24,53622,matched,2018-05-27,40000000.0
2018,Germany,Marc-André ter Stegen,1992-04-30,74857,matched,2018-05-29,60000000.0
2018,Germany,Mario Gómez,1985-07-10,6288,matched,2018-06-04,6000000.0
2018,Mexico,José de Jesús Corona,1981-01-26,,no_birthdate_name_match,,
2018,Mexico,Hugo Ayala,1987-03-31,52965,matched,2018-04-09,2500000.0
2018,Mexico,Carlos Salcedo,1993-09-29,256866,matched,2018-06-04,7000000.0
2018,Mexico,Rafael Márquez,1979-02-13,,no_birthdate_name_match,,
2018,Mexico,Érick Gutiérrez,1995-06-15,298796,matched,2018-04-09,5000000.0
2018,Mexico,Jonathan dos Santos,1990-04-26,60445,matched,2018-05-01,4750000.0
2018,Mexico,Miguel Layún,1988-06-25,58576,matched,2018-05-29,5000000.0
2018,Mexico,Marco Fabián,1989-07-21,67685,matched,2018-06-04,4500000.0
2018,Mexico,Raúl Jiménez,1991-05-05,206040,matched,2018-06-12,15000000.0
2018,Mexico,Giovani dos Santos,1989-05-11,44674,matched,2018-05-01,2750000.0
2018,Mexico,Carlos Vela,1989-03-01,35773,matched,2018-03-13,8500000.0
2018,Mexico,Alfredo Talavera,1982-09-18,50965,matched,2018-04-09,1800000.0
2018,Mexico,Guillermo Ochoa,1985-07-13,29559,matched,2018-06-02,3000000.0
2018,Mexico,Javier Hernández,1988-06-01,,no_birthdate_name_match,,
2018,Mexico,Héctor Moreno,1988-01-17,51046,matched,2018-05-29,4000000.0
2018,Mexico,Héctor Herrera,1990-04-19,122043,matched,2018-06-12,20000000.0
2018,Mexico,Jesús Manuel Corona,1993-01-06,,no_birthdate_name_match,,
2018,Mexico,Andrés Guardado,1986-09-28,20506,matched,2018-05-29,5000000.0
2018,Mexico,Oribe Peralta,1984-01-12,53563,matched,2018-04-09,1500000.0
2018,Mexico,Javier Aquino,1990-02-11,111082,matched,2018-04-09,5000000.0
2018,Mexico,Edson Álvarez,1997-10-24,401356,matched,2018-04-09,2000000.0
2018,Mexico,Hirving Lozano,1995-07-30,316889,matched,2018-06-11,25000000.0
2018,Mexico,Jesús Gallardo,1994-08-15,344854,matched,2018-04-09,3000000.0
2018,South Korea,Kim Seung-gyu,1990-09-30,,no_birthdate_name_match,,
2018,South Korea,Lee Yong,1986-12-24,92078,matched,2017-12-14,500000.0
2018,South Korea,Jung Seung-hyun,1994-04-03,379438,matched,2018-01-04,450000.0
2018,South Korea,Oh Ban-suk,1988-05-20,,no_birthdate_name_match,,
2018,South Korea,Yun Young-sun,1988-10-04,,no_birthdate_name_match,,
2018,South Korea,Park Joo-ho,1987-01-16,,no_birthdate_name_match,,
2018,South Korea,Son Heung-min,1992-07-08,91845,matched,2018-05-27,50000000.0
2018,South Korea,Ju Se-jong,1990-10-30,,no_birthdate_name_match,,
2018,South Korea,Kim Shin-wook,1988-04-14,152689,matched,2017-12-14,1800000.0
2018,South Korea,Lee Seung-woo,1998-01-06,280239,matched,2018-06-06,1000000.0
2018,South Korea,Hwang Hee-chan,1996-01-26,292246,matched,2018-06-13,10000000.0
2018,South Korea,Kim Min-woo,1990-02-25,128376,matched,2017-12-14,1200000.0
2018,South Korea,Koo Ja-cheol,1989-02-27,91841,matched,2018-06-04,3500000.0
2018,South Korea,Hong Chul,1990-09-17,151791,matched,2017-12-14,750000.0
2018,South Korea,Jung Woo-young,1989-12-14,171935,matched,2018-06-05,800000.0
2018,South Korea,Ki Sung-yueng,1989-01-24,81796,matched,2018-05-27,7000000.0
2018,South Korea,Lee Jae-sung,1992-08-10,,no_birthdate_name_match,,
2018,South Korea,Moon Seon-min,1992-06-09,225342,matched,2017-12-14,450000.0
2018,South Korea,Kim Young-gwon,1990-02-27,126640,matched,2018-06-04,850000.0
2018,South Korea,Jang Hyun-soo,1991-09-28,,no_birthdate_name_match,,
2018,South Korea,Kim Jin-hyeon,1987-07-06,118487,matched,2018-01-04,1250000.0
2018,South Korea,Go Yo-han,1988-03-10,135850,matched,2017-12-14,825000.0
2018,South Korea,Jo Hyeon-woo,1991-09-25,260171,matched,2017-12-14,500000.0
2018,Sweden,Robin Olsen,1990-01-08,75458,matched,2018-06-01,1250000.0
2018,Sweden,Mikael Lustig,1986-12-13,,no_birthdate_name_match,,
2018,Sweden,Victor Lindelöf,1994-07-17,184573,matched,2018-05-27,25000000.0
2018,Sweden,Andreas Granqvist,1985-04-16,,no_birthdate_name_match,,
2018,Sweden,Martin Olsson,1988-05-17,38073,matched,2018-05-27,5000000.0
2018,Sweden,Ludwig Augustinsson,1994-04-21,170646,matched,2018-06-04,7500000.0
2018,Sweden,Sebastian Larsson,1985-06-06,31720,matched,2018-02-26,2000000.0
2018,Sweden,Albin Ekdal,1989-07-28,49275,matched,2018-06-04,2500000.0
2018,Sweden,Marcus Berg,1986-08-17,,no_birthdate_name_match,,
2018,Sweden,Emil Forsberg,1991-10-23,111078,matched,2018-06-04,25000000.0
2018,Sweden,John Guidetti,1992-04-15,98596,matched,2018-05-29,5000000.0
2018,Sweden,Karl-Johan Johnsson,1990-01-28,112822,matched,2018-06-03,2500000.0
2018,Sweden,Gustav Svensson,1987-02-07,,no_birthdate_name_match,,
2018,Sweden,Filip Helander,1993-04-22,198067,matched,2018-06-06,2500000.0
2018,Sweden,Oscar Hiljemark,1992-06-28,,no_birthdate_name_match,,
2018,Sweden,Emil Krafth,1994-08-02,184528,matched,2018-06-06,1500000.0
2018,Sweden,Viktor Claesson,1992-01-02,116598,matched,2018-06-05,8000000.0
2018,Sweden,Pontus Jansson,1991-02-13,125314,matched,2018-02-26,6000000.0
2018,Sweden,Marcus Rohdén,1991-05-11,205809,matched,2018-06-06,1500000.0
2018,Sweden,Ola Toivonen,1986-07-03,36500,matched,2018-06-03,1500000.0
2018,Sweden,Jimmy Durmaz,1989-03-22,80205,matched,2018-06-03,2000000.0
2018,Sweden,Isaac Kiese Thelin,1992-06-24,201311,matched,2018-06-02,2500000.0
2018,Sweden,Kristoffer Nordfeldt,1989-06-23,75890,matched,2018-05-27,1500000.0
2018,Belgium,Thibaut Courtois,1992-05-11,108390,matched,2018-05-27,60000000.0
2018,Belgium,Toby Alderweireld,1989-03-02,42710,matched,2018-05-27,40000000.0
2018,Belgium,Thomas Vermaelen,1985-11-14,15904,matched,2018-05-29,5000000.0
2018,Belgium,Vincent Kompany,1986-04-10,9594,matched,2018-05-27,10000000.0
2018,Belgium,Jan Vertonghen,1987-04-24,43250,matched,2018-05-27,32000000.0
2018,Belgium,Axel Witsel,1989-01-12,35047,matched,2018-06-04,18000000.0
2018,Belgium,Kevin De Bruyne,1991-06-28,88755,matched,2018-05-27,150000000.0
2018,Belgium,Marouane Fellaini,1987-11-22,39679,matched,2018-05-27,12000000.0
2018,Belgium,Romelu Lukaku,1993-05-13,96341,matched,2018-05-27,90000000.0
2018,Belgium,Eden Hazard,1991-01-07,50202,matched,2018-05-27,110000000.0
2018,Belgium,Yannick Carrasco,1993-09-04,140776,matched,2018-06-04,25000000.0
2018,Belgium,Simon Mignolet,1988-03-06,50219,matched,2018-05-27,10000000.0
2018,Belgium,Koen Casteels,1992-06-25,108880,matched,2018-06-04,6000000.0
2018,Belgium,Dries Mertens,1987-05-06,56416,matched,2018-06-06,30000000.0
2018,Belgium,Thomas Meunier,1991-09-12,100986,matched,2018-06-03,15000000.0
2018,Belgium,Thorgan Hazard,1993-03-29,102226,matched,2018-06-04,22000000.0
2018,Belgium,Youri Tielemans,1997-05-07,249565,matched,2018-06-03,20000000.0
2018,Belgium,Adnan Januzaj,1995-02-05,177847,matched,2018-05-29,12000000.0
2018,Belgium,Mousa Dembélé,1987-07-16,19368,matched,2018-05-27,18000000.0
2018,Belgium,Dedryck Boyata,1990-11-28,88262,matched,2018-03-03,2000000.0
2018,Belgium,Michy Batshuayi,1993-10-02,179184,matched,2018-06-04,40000000.0
2018,Belgium,Nacer Chadli,1989-08-02,59631,matched,2018-05-27,10000000.0
2018,Belgium,Leander Dendoncker,1995-04-15,168157,matched,2018-06-02,17000000.0
2018,England,Jordan Pickford,1994-03-07,130164,matched,2018-05-27,30000000.0
2018,England,Kyle Walker,1990-05-28,95424,matched,2018-05-27,50000000.0
2018,England,Danny Rose,1990-07-02,50174,matched,2018-05-27,30000000.0
2018,England,Eric Dier,1994-01-15,175722,matched,2018-05-27,40000000.0
2018,England,John Stones,1994-05-28,186590,matched,2018-05-27,50000000.0
2018,England,Harry Maguire,1993-03-05,177907,matched,2018-05-27,25000000.0
2018,England,Jesse Lingard,1992-12-15,141660,matched,2018-05-27,35000000.0
2018,England,Jordan Henderson,1990-06-17,61651,matched,2018-05-27,25000000.0
2018,England,Harry Kane,1993-07-28,132098,matched,2018-05-27,150000000.0
2018,England,Raheem Sterling,1994-12-08,134425,matched,2018-05-27,90000000.0
2018,England,Jamie Vardy,1987-01-11,197838,matched,2018-05-27,20000000.0
2018,England,Kieran Trippier,1990-09-19,95810,matched,2018-05-27,20000000.0
2018,England,Jack Butland,1993-03-10,128899,matched,2018-05-27,22000000.0
2018,England,Danny Welbeck,1990-11-26,67063,matched,2018-05-27,15000000.0
2018,England,Gary Cahill,1985-12-19,27511,matched,2018-05-27,15000000.0
2018,England,Phil Jones,1992-02-21,117996,matched,2018-05-27,20000000.0
2018,England,Fabian Delph,1989-11-21,50362,matched,2018-05-27,15000000.0
2018,England,Ashley Young,1985-07-09,14086,matched,2018-05-27,7000000.0
2018,England,Marcus Rashford,1997-10-31,258923,matched,2018-05-27,65000000.0
2018,England,Dele Alli,1996-04-11,207929,matched,2018-05-27,100000000.0
2018,England,Ruben Loftus-Cheek,1996-01-23,202886,matched,2018-05-27,15000000.0
2018,England,Trent Alexander-Arnold,1998-10-07,314353,matched,2018-05-27,25000000.0
2018,England,Nick Pope,1992-04-19,192080,matched,2018-05-27,10000000.0
2018,Panama,Jaime Penedo,1981-09-26,,no_birthdate_name_match,,
2018,Panama,Michael Amir Murillo,1996-02-11,,no_birthdate_name_match,,
2018,Panama,Harold Cummings,1992-03-01,,no_birthdate_name_match,,
2018,Panama,Fidel Escobar,1995-01-09,345716,matched,2018-05-01,175000.0
2018,Panama,Román Torres,1986-03-20,74182,matched,2018-05-01,650000.0
2018,Panama,Gabriel Gómez,1984-05-29,,no_birthdate_name_match,,
2018,Panama,Blas Pérez,1981-03-13,,no_birthdate_name_match,,
2018,Panama,Yoel Bárcenas,1993-10-23,283473,matched,2018-05-23,500000.0
2018,Panama,Gabriel Torres,1988-10-31,,no_birthdate_name_match,,
2018,Panama,Ismael Díaz,1997-05-12,,no_birthdate_name_match,,
2018,Panama,Armando Cooper,1987-11-26,122016,matched,2018-06-02,450000.0
2018,Panama,José Calderón,1985-08-14,,no_birthdate_name_match,,
2018,Panama,Adolfo Machado,1985-02-14,,no_birthdate_name_match,,
2018,Panama,Valentín Pimentel,1991-05-30,,no_birthdate_name_match,,
2018,Panama,Eric Davis,1991-03-31,121791,matched,2017-12-27,425000.0
2018,Panama,Abdiel Arroyo,1993-12-13,,no_birthdate_name_match,,
2018,Panama,Luis Ovalle,1988-09-07,,no_birthdate_name_match,,
2018,Panama,Luis Tejada,1982-03-28,,no_birthdate_name_match,,
2018,Panama,Ricardo Ávila,1997-02-04,,no_birthdate_name_match,,
2018,Panama,Aníbal Godoy,1990-02-10,161671,matched,2018-05-01,800000.0
2018,Panama,José Luis Rodríguez,1998-06-19,425028,matched,2018-06-06,200000.0
2018,Panama,Álex Rodríguez,1990-08-05,,no_birthdate_name_match,,
2018,Panama,Felipe Baloy,1981-02-24,53581,matched,2018-06-05,175000.0
2018,Tunisia,Farouk Ben Mustapha,1989-07-01,,no_birthdate_name_match,,
2018,Tunisia,Syam Ben Youssef,1989-03-31,133078,matched,2018-05-28,800000.0
2018,Tunisia,Yohan Benalouane,1987-03-28,50477,matched,2018-05-27,1000000.0
2018,Tunisia,Yassine Meriah,1993-07-02,,no_birthdate_name_match,,
2018,Tunisia,Oussama Haddadi,1992-01-28,191407,matched,2018-06-03,3000000.0
2018,Tunisia,Rami Bedoui,1990-01-19,,no_birthdate_name_match,,
2018,Tunisia,Saîf-Eddine Khaoui,1995-04-27,270411,matched,2018-06-03,5000000.0
2018,Tunisia,Fakhreddine Ben Youssef,1991-06-23,,no_birthdate_name_match,,
2018,Tunisia,Anice Badri,1990-09-18,,no_birthdate_name_match,,
2018,Tunisia,Wahbi Khazri,1991-02-08,103565,matched,2018-06-03,10000000.0
2018,Tunisia,Dylan Bronn,1995-06-19,450417,matched,2018-06-02,3500000.0
2018,Tunisia,Ali Maâloul,1990-01-01,,no_birthdate_name_match,,
2018,Tunisia,Ferjani Sassi,1992-03-18,,no_birthdate_name_match,,
2018,Tunisia,Mohamed Amine Ben Amor,1992-05-03,,no_birthdate_name_match,,
2018,Tunisia,Ahmed Khalil,1994-12-21,,no_birthdate_name_match,,
2018,Tunisia,Aymen Mathlouthi,1984-09-14,,no_birthdate_name_match,,
2018,Tunisia,Ellyes Skhiri,1995-05-10,290587,matched,2018-06-03,10000000.0
2018,Tunisia,Bassem Srarfi,1997-06-25,401836,matched,2018-06-03,3000000.0
2018,Tunisia,Saber Khalifa,1986-10-14,69101,matched,2018-06-08,1000000.0
2018,Tunisia,Ghailene Chaalali,1994-02-28,,no_birthdate_name_match,,
2018,Tunisia,Hamdi Nagguez,1992-10-28,,no_birthdate_name_match,,
2018,Tunisia,Mouez Hassen,1995-03-05,215677,matched,2018-05-15,1000000.0
2018,Tunisia,Naïm Sliti,1992-07-27,,no_birthdate_name_match,,
2018,Colombia,David Ospina,1988-08-31,73396,matched,2018-05-27,5000000.0
2018,Colombia,Cristián Zapata,1986-09-30,34344,matched,2018-06-06,2500000.0
2018,Colombia,Óscar Murillo,1988-04-18,,no_birthdate_name_match,,
2018,Colombia,Santiago Arias,1992-01-13,120443,matched,2018-06-11,15000000.0
2018,Colombia,Wilmar Barrios,1993-10-16,257668,matched,2018-05-07,8000000.0
2018,Colombia,Carlos Sánchez,1986-02-06,51226,matched,2018-05-29,2000000.0
2018,Colombia,Carlos Bacca,1986-09-08,119235,matched,2018-05-29,10000000.0
2018,Colombia,Abel Aguilar,1985-01-06,37388,matched,2018-06-07,1000000.0
2018,Colombia,Radamel Falcao,1986-02-10,39152,matched,2018-06-03,12000000.0
2018,Colombia,James Rodríguez,1991-07-12,88103,matched,2018-06-04,70000000.0
2018,Colombia,Juan Cuadrado,1988-05-26,91970,matched,2018-06-06,28000000.0
2018,Colombia,Camilo Vargas,1989-03-09,74113,matched,2018-06-07,1000000.0
2018,Colombia,Yerry Mina,1994-09-23,289446,matched,2018-05-29,9000000.0
2018,Colombia,Luis Muriel,1991-04-16,119228,matched,2018-05-29,12000000.0
2018,Colombia,Mateus Uribe,1991-03-21,,no_birthdate_name_match,,
2018,Colombia,Jefferson Lerma,1994-10-25,262980,matched,2018-05-29,2000000.0
2018,Colombia,Johan Mojica,1992-08-21,262939,matched,2018-05-29,4000000.0
2018,Colombia,Farid Díaz,1983-07-20,,no_birthdate_name_match,,
2018,Colombia,Miguel Borja,1993-01-26,,no_birthdate_name_match,,
2018,Colombia,Juan Fernando Quintero,1993-01-18,,no_birthdate_name_match,,
2018,Colombia,José Izquierdo,1992-07-07,,no_birthdate_name_match,,
2018,Colombia,José Fernando Cuadrado,1985-06-01,,no_birthdate_name_match,,
2018,Colombia,Davinson Sánchez,1996-06-12,341429,matched,2018-05-27,40000000.0
2018,Japan,Eiji Kawashima,1983-03-20,,no_birthdate_name_match,,
2018,Japan,Naomichi Ueda,1994-10-24,188915,matched,2018-01-04,1100000.0
2018,Japan,Gen Shoji,1992-12-11,164277,matched,2018-01-04,1700000.0
2018,Japan,Keisuke Honda,1986-06-13,66521,matched,2018-04-09,4000000.0
2018,Japan,Yūto Nagatomo,1986-09-12,79522,matched,2018-05-28,3500000.0
2018,Japan,Wataru Endō,1993-02-09,146310,matched,2018-01-04,1450000.0
2018,Japan,Gaku Shibasaki,1992-05-28,129693,matched,2018-05-29,1800000.0
2018,Japan,Genki Haraguchi,1991-05-09,79377,matched,2017-12-27,1750000.0
2018,Japan,Shinji Okazaki,1986-04-16,79642,matched,2018-05-27,6000000.0
2018,Japan,Shinji Kagawa,1989-03-17,81785,matched,2018-06-04,13000000.0
2018,Japan,Takashi Usami,1992-05-06,111881,matched,2018-01-21,800000.0
2018,Japan,Masaaki Higashiguchi,1986-05-12,113712,matched,2018-01-04,1250000.0
2018,Japan,Yoshinori Muto,1992-07-15,230541,matched,2018-06-04,6000000.0
2018,Japan,Takashi Inui,1988-06-02,98249,matched,2018-05-29,5000000.0
2018,Japan,Yuya Osako,1990-05-18,108650,matched,2018-06-04,4500000.0
2018,Japan,Hotaru Yamaguchi,1990-10-06,118492,matched,2018-01-04,1500000.0
2018,Japan,Makoto Hasebe,1984-01-18,39259,matched,2018-06-04,1000000.0
2018,Japan,Ryota Oshima,1993-01-23,164264,matched,2018-01-04,1150000.0
2018,Japan,Hiroki Sakai,1990-04-12,83002,matched,2018-06-03,6000000.0
2018,Japan,Tomoaki Makino,1987-05-11,106064,matched,2018-01-04,1650000.0
2018,Japan,Gōtoku Sakai,1991-03-14,103310,matched,2018-06-04,1500000.0
2018,Japan,Maya Yoshida,1988-08-24,81789,matched,2018-05-27,7000000.0
2018,Japan,Kosuke Nakamura,1995-02-27,165794,matched,2018-01-04,1500000.0
2018,Poland,Wojciech Szczęsny,1990-04-18,44058,matched,2018-06-06,20000000.0
2018,Poland,Michał Pazdan,1987-09-21,54512,matched,2018-06-07,2000000.0
2018,Poland,Artur Jędrzejczyk,1987-11-04,42401,matched,2018-06-07,1500000.0
2018,Poland,Thiago Cionek,1986-04-21,79510,matched,2018-06-06,800000.0
2018,Poland,Jan Bednarek,1996-04-12,243028,matched,2018-05-27,5000000.0
2018,Poland,Jacek Góralski,1992-09-21,199297,matched,2018-02-08,2500000.0
2018,Poland,Arkadiusz Milik,1994-02-28,191891,matched,2018-06-06,20000000.0
2018,Poland,Karol Linetty,1995-02-02,225873,matched,2018-06-06,15000000.0
2018,Poland,Robert Lewandowski,1988-08-21,38253,matched,2018-06-04,90000000.0
2018,Poland,Grzegorz Krychowiak,1990-01-29,45184,matched,2018-05-27,18000000.0
2018,Poland,Kamil Grosicki,1988-06-08,37920,matched,2018-02-26,7000000.0
2018,Poland,Bartosz Białkowski,1987-07-06,24496,matched,2018-06-05,750000.0
2018,Poland,Maciej Rybus,1989-08-19,59597,matched,2018-06-05,3200000.0
2018,Poland,Łukasz Teodorczyk,1991-06-03,157849,matched,2018-06-02,7500000.0
2018,Poland,Kamil Glik,1988-02-03,46552,matched,2018-06-03,18000000.0
2018,Poland,Jakub Błaszczykowski,1985-12-14,,no_birthdate_name_match,,
2018,Poland,Sławomir Peszko,1985-02-19,,no_birthdate_name_match,,
2018,Poland,Bartosz Bereszyński,1992-07-12,144143,matched,2018-06-06,12000000.0
2018,Poland,Piotr Zieliński,1994-05-20,181136,matched,2018-06-06,32000000.0
2018,Poland,Łukasz Piszczek,1985-06-03,25727,matched,2018-06-04,4000000.0
2018,Poland,Rafał Kurzawa,1993-01-29,191895,matched,2018-06-07,2000000.0
2018,Poland,Łukasz Fabiański,1985-04-18,,no_birthdate_name_match,,
2018,Poland,Dawid Kownacki,1997-03-14,208167,matched,2018-06-06,7000000.0
2018,Senegal,Abdoulaye Diallo,1992-03-30,126681,matched,2018-06-03,1000000.0
2018,Senegal,Adama Mbengue,1993-12-01,230066,matched,2018-06-03,3000000.0
2018,Senegal,Kalidou Koulibaly,1991-06-20,93128,matched,2018-06-06,60000000.0
2018,Senegal,Kara Mbodji,1989-11-22,,no_birthdate_name_match,,
2018,Senegal,Idrissa Gueye,1989-09-26,126665,matched,2018-05-27,20000000.0
2018,Senegal,Salif Sané,1990-08-25,126534,matched,2018-06-04,18000000.0
2018,Senegal,Moussa Sow,1986-01-19,,no_birthdate_name_match,,
2018,Senegal,Cheikhou Kouyaté,1989-12-21,66934,matched,2018-05-27,12000000.0
2018,Senegal,Mame Biram Diouf,1987-12-16,62049,matched,2018-05-27,7000000.0
2018,Senegal,Sadio Mané,1992-04-10,200512,matched,2018-05-27,70000000.0
2018,Senegal,Cheikh N'Doye,1986-03-29,,no_birthdate_name_match,,
2018,Senegal,Youssouf Sabaly,1993-03-05,135492,matched,2018-06-03,7000000.0
2018,Senegal,Alfred N'Diaye,1990-03-06,,no_birthdate_name_match,,
2018,Senegal,Moussa Konaté,1993-04-03,192774,matched,2018-06-03,6000000.0
2018,Senegal,Diafra Sakho,1989-12-24,,no_birthdate_name_match,,
2018,Senegal,Khadim N'Diaye,1985-04-05,,no_birthdate_name_match,,
2018,Senegal,Badou Ndiaye,1990-10-27,211325,matched,2018-05-27,15000000.0
2018,Senegal,Ismaïla Sarr,1998-02-25,410225,matched,2018-06-03,14000000.0
2018,Senegal,M'Baye Niang,1994-12-19,,no_birthdate_name_match,,
2018,Senegal,Keita Baldé,1995-03-08,238752,matched,2018-06-03,30000000.0
2018,Senegal,Lamine Gassama,1989-10-20,60539,matched,2018-05-28,1250000.0
2018,Senegal,Moussa Wagué,1998-10-04,,no_birthdate_name_match,,
2018,Senegal,Alfred Gomis,1993-09-05,163568,matched,2018-06-06,3000000.0
2022,Ecuador,Hernán Galíndez,1987-03-30,,no_birthdate_name_match,,
2022,Ecuador,Félix Torres,1997-01-11,468174,matched,2022-10-30,6000000.0
2022,Ecuador,Piero Hincapié,2002-01-09,659813,matched,2022-11-08,22000000.0
2022,Ecuador,Robert Arboleda,1991-10-22,139867,matched,2022-11-13,2000000.0
2022,Ecuador,José Cifuentes,1999-03-12,450211,matched,2022-11-07,12000000.0
2022,Ecuador,Willian Pacho,2001-10-16,661171,matched,2022-11-03,3500000.0
2022,Ecuador,Pervis Estupiñán,1998-01-21,349599,matched,2022-11-02,20000000.0
2022,Ecuador,Carlos Gruezo,1995-04-19,189475,matched,2022-11-08,4000000.0
2022,Ecuador,Ayrton Preciado,1994-07-17,212310,matched,2022-10-30,2500000.0
2022,Ecuador,Romario Ibarra,1994-09-24,,no_birthdate_name_match,,
2022,Ecuador,Michael Estrada,1996-04-07,265481,matched,2022-10-30,3000000.0
2022,Ecuador,Moisés Ramírez,2000-09-09,,no_birthdate_name_match,,
2022,Ecuador,Enner Valencia,1989-11-04,139503,matched,2022-10-26,3000000.0
2022,Ecuador,Xavier Arreaga,1994-09-28,323854,matched,2022-11-07,2000000.0
2022,Ecuador,Ángel Mena,1988-01-21,123609,matched,2022-10-30,1500000.0
2022,Ecuador,Jeremy Sarmiento,2002-06-16,568005,matched,2022-11-02,3000000.0
2022,Ecuador,Ángelo Preciado,1998-02-18,450241,matched,2022-11-03,3200000.0
2022,Ecuador,Diego Palacios,1999-07-12,425567,matched,2022-11-07,4000000.0
2022,Ecuador,Gonzalo Plata,2000-11-01,592735,matched,2022-11-06,5000000.0
2022,Ecuador,Sebas Méndez,1997-04-26,,no_birthdate_name_match,,
2022,Ecuador,Alan Franco,1998-08-21,400960,matched,2022-10-25,2500000.0
2022,Ecuador,Alexander Domínguez,1987-06-05,,no_birthdate_name_match,,
2022,Ecuador,Moisés Caicedo,2001-11-02,687626,matched,2022-11-02,38000000.0
2022,Ecuador,Djorkaeff Reasco,1999-01-18,,no_birthdate_name_match,,
2022,Ecuador,Jackson Porozo,2000-08-04,491616,matched,2022-11-01,3000000.0
2022,Ecuador,Kevin Rodríguez,2000-03-04,684159,matched,2022-11-14,300000.0
2022,Netherlands,Remko Pasveer,1983-11-08,25520,matched,2022-11-10,250000.0
2022,Netherlands,Jurriën Timber,2001-06-17,420243,matched,2022-11-10,45000000.0
2022,Netherlands,Matthijs de Ligt,1999-08-12,326031,matched,2022-11-08,70000000.0
2022,Netherlands,Virgil van Dijk,1991-07-08,139208,matched,2022-11-02,50000000.0
2022,Netherlands,Nathan Aké,1995-02-18,177476,matched,2022-11-02,30000000.0
2022,Netherlands,Stefan de Vrij,1992-02-05,111196,matched,2022-11-10,15000000.0
2022,Netherlands,Steven Bergwijn,1997-10-08,284165,matched,2022-11-10,27000000.0
2022,Netherlands,Cody Gakpo,1999-05-07,434675,matched,2022-11-10,45000000.0
2022,Netherlands,Luuk de Jong,1990-08-27,72522,matched,2022-11-10,4000000.0
2022,Netherlands,Memphis Depay,1994-02-13,167850,matched,2022-11-06,20000000.0
2022,Netherlands,Steven Berghuis,1991-12-19,129554,matched,2022-11-10,14000000.0
2022,Netherlands,Noa Lang,1999-06-17,339332,matched,2022-11-03,15000000.0
2022,Netherlands,Justin Bijlow,1998-01-22,315121,matched,2022-11-10,13000000.0
2022,Netherlands,Davy Klaassen,1993-02-21,182932,matched,2022-11-10,12000000.0
2022,Netherlands,Marten de Roon,1991-03-29,133179,matched,2022-11-10,12000000.0
2022,Netherlands,Tyrell Malacia,1999-08-17,339340,matched,2022-11-02,22000000.0
2022,Netherlands,Daley Blind,1990-03-09,12282,matched,2022-11-10,6000000.0
2022,Netherlands,Vincent Janssen,1994-06-15,207015,matched,2022-11-03,6000000.0
2022,Netherlands,Wout Weghorst,1992-08-07,228645,matched,2022-10-26,14000000.0
2022,Netherlands,Teun Koopmeiners,1998-02-28,360518,matched,2022-11-10,30000000.0
2022,Netherlands,Frenkie de Jong,1997-05-12,326330,matched,2022-11-06,50000000.0
2022,Netherlands,Denzel Dumfries,1996-04-18,321528,matched,2022-11-10,28000000.0
2022,Netherlands,Andries Noppert,1994-04-07,276853,matched,2022-11-10,2000000.0
2022,Netherlands,Kenneth Taylor,2002-05-16,470394,matched,2022-11-10,14000000.0
2022,Netherlands,Xavi Simons,2003-04-21,566931,matched,2022-11-10,18000000.0
2022,Netherlands,Jeremie Frimpong,2000-12-10,484547,matched,2022-11-08,25000000.0
2022,Qatar,Saad Al-Sheeb,1990-02-19,143539,matched,2022-11-09,200000.0
2022,Qatar,Pedro Miguel,1990-08-06,228727,matched,2022-11-09,325000.0
2022,Qatar,Abdelkarim Hassan,1993-08-28,,no_birthdate_name_match,,
2022,Qatar,Mohammed Waad,1999-09-18,481935,matched,2022-11-09,400000.0
2022,Qatar,Tarek Salman,1997-12-05,311730,matched,2022-11-09,400000.0
2022,Qatar,Abdulaziz Hatem,1990-01-01,,no_birthdate_name_match,,
2022,Qatar,Ahmed Alaaeldin,1993-01-31,187987,matched,2022-11-05,600000.0
2022,Qatar,Ali Assadalla,1993-01-19,,no_birthdate_name_match,,
2022,Qatar,Mohammed Muntari,1993-12-20,,no_birthdate_name_match,,
2022,Qatar,Hassan Al-Haydos,1990-12-11,,no_birthdate_name_match,,
2022,Qatar,Akram Afif,1996-11-18,336646,matched,2022-11-09,4000000.0
2022,Qatar,Karim Boudiaf,1990-09-16,,no_birthdate_name_match,,
2022,Qatar,Musab Kheder,1993-01-01,,no_birthdate_name_match,,
2022,Qatar,Homam Ahmed,1999-08-25,,no_birthdate_name_match,,
2022,Qatar,Bassam Al-Rawi,1997-12-16,,no_birthdate_name_match,,
2022,Qatar,Boualem Khoukhi,1990-07-09,222669,matched,2022-11-09,400000.0
2022,Qatar,Ismaeel Mohammad,1990-04-05,,no_birthdate_name_match,,
2022,Qatar,Khalid Muneer,1998-02-24,,no_birthdate_name_match,,
2022,Qatar,Almoez Ali,1996-08-19,,no_birthdate_name_match,,
2022,Qatar,Salem Al-Hajri,1996-04-10,375745,matched,2022-11-09,250000.0
2022,Qatar,Yousef Hassan,1996-05-24,462353,matched,2022-11-09,150000.0
2022,Qatar,Meshaal Barsham,1998-02-14,560423,matched,2022-11-09,450000.0
2022,Qatar,Assim Madibo,1996-10-22,,no_birthdate_name_match,,
2022,Qatar,Naif Al-Hadhrami,2001-07-18,,no_birthdate_name_match,,
2022,Qatar,Jassem Gaber,2002-02-20,735813,matched,2022-11-09,175000.0
2022,Qatar,Mostafa Meshaal,2001-03-28,,no_birthdate_name_match,,
2022,Senegal,Seny Dieng,1994-11-23,250870,matched,2022-10-26,1500000.0
2022,Senegal,Formose Mendy,2001-01-02,649023,matched,2022-10-27,2500000.0
2022,Senegal,Kalidou Koulibaly,1991-06-20,93128,matched,2022-11-02,35000000.0
2022,Senegal,Pape Abou Cissé,1995-09-14,364234,matched,2022-11-06,6000000.0
2022,Senegal,Idrissa Gueye,1989-09-26,126665,matched,2022-11-02,8000000.0
2022,Senegal,Nampalys Mendy,1992-06-23,111051,matched,2022-11-02,3500000.0
2022,Senegal,Nicolas Jackson,2001-06-20,776890,matched,2022-11-06,15000000.0
2022,Senegal,Cheikhou Kouyaté,1989-12-21,66934,matched,2022-11-02,3000000.0
2022,Senegal,Boulaye Dia,1996-11-16,626913,matched,2022-11-10,12000000.0
2022,Senegal,Moussa N'Diaye,2002-06-18,,no_birthdate_name_match,,
2022,Senegal,Pathé Ciss,1994-03-16,525578,matched,2022-11-06,4000000.0
2022,Senegal,Fodé Ballo-Touré,1997-01-03,296422,matched,2022-11-10,3500000.0
2022,Senegal,Iliman Ndiaye,2000-03-06,623570,matched,2022-10-26,3500000.0
2022,Senegal,Ismail Jakobs,1999-08-17,375137,matched,2022-11-01,7000000.0
2022,Senegal,Krépin Diatta,1999-02-25,490426,matched,2022-11-01,13000000.0
2022,Senegal,Édouard Mendy,1992-03-01,442531,matched,2022-11-02,25000000.0
2022,Senegal,Pape Matar Sarr,2002-09-14,568693,matched,2022-11-02,15000000.0
2022,Senegal,Ismaïla Sarr,1998-02-25,410225,matched,2022-10-26,22000000.0
2022,Senegal,Famara Diédhiou,1992-12-15,237125,matched,2022-10-26,3000000.0
2022,Senegal,Bamba Dieng,2000-03-23,822458,matched,2022-11-01,8000000.0
2022,Senegal,Youssouf Sabaly,1993-03-05,135492,matched,2022-11-06,4000000.0
2022,Senegal,Abdou Diallo,1996-05-04,229005,matched,2022-11-08,15000000.0
2022,Senegal,Alfred Gomis,1993-09-05,163568,matched,2022-11-01,3000000.0
2022,Senegal,Moustapha Name,1995-05-05,586262,matched,2022-11-13,2000000.0
2022,Senegal,Mamadou Loum,1996-12-30,364237,matched,2022-10-26,3500000.0
2022,Senegal,Pape Gueye,1999-01-24,485963,matched,2022-11-01,10000000.0
2022,England,Jordan Pickford,1994-03-07,130164,matched,2022-11-02,28000000.0
2022,England,Kyle Walker,1990-05-28,95424,matched,2022-11-02,15000000.0
2022,England,Luke Shaw,1995-07-12,183288,matched,2022-11-02,28000000.0
2022,England,Declan Rice,1999-01-14,357662,matched,2022-11-02,80000000.0
2022,England,John Stones,1994-05-28,186590,matched,2022-11-02,30000000.0
2022,England,Harry Maguire,1993-03-05,177907,matched,2022-11-02,30000000.0
2022,England,Jack Grealish,1995-09-10,203460,matched,2022-11-02,70000000.0
2022,England,Jordan Henderson,1990-06-17,61651,matched,2022-11-02,15000000.0
2022,England,Harry Kane,1993-07-28,132098,matched,2022-11-02,90000000.0
2022,England,Raheem Sterling,1994-12-08,134425,matched,2022-11-02,70000000.0
2022,England,Marcus Rashford,1997-10-31,258923,matched,2022-11-02,55000000.0
2022,England,Kieran Trippier,1990-09-19,95810,matched,2022-11-02,13000000.0
2022,England,Nick Pope,1992-04-19,192080,matched,2022-11-02,18000000.0
2022,England,Kalvin Phillips,1995-12-02,351749,matched,2022-11-02,45000000.0
2022,England,Eric Dier,1994-01-15,175722,matched,2022-11-02,30000000.0
2022,England,Conor Coady,1993-02-25,128901,matched,2022-11-02,18000000.0
2022,England,Bukayo Saka,2001-09-05,433177,matched,2022-11-02,90000000.0
2022,England,Trent Alexander-Arnold,1998-10-07,314353,matched,2022-11-02,70000000.0
2022,England,Mason Mount,1999-01-10,346483,matched,2022-11-02,75000000.0
2022,England,Phil Foden,2000-05-28,406635,matched,2022-11-02,110000000.0
2022,England,Ben White,1997-10-08,335721,matched,2022-11-02,45000000.0
2022,England,Jude Bellingham,2003-06-29,581678,matched,2022-11-08,100000000.0
2022,England,Aaron Ramsdale,1998-05-14,427568,matched,2022-11-02,30000000.0
2022,England,Callum Wilson,1992-02-27,123682,matched,2022-11-02,18000000.0
2022,England,James Maddison,1996-11-23,294057,matched,2022-11-02,55000000.0
2022,England,Conor Gallagher,2000-02-06,488362,matched,2022-11-02,32000000.0
2022,Iran,Alireza Beiranvand,1992-09-21,229081,matched,2022-11-08,1000000.0
2022,Iran,Sadegh Moharrami,1996-03-01,294778,matched,2022-11-07,2000000.0
2022,Iran,Ehsan Hajsafi,1990-02-25,77547,matched,2022-11-06,800000.0
2022,Iran,Shojae Khalilzadeh,1989-05-14,,no_birthdate_name_match,,
2022,Iran,Milad Mohammadi,1993-09-29,333355,matched,2022-11-06,2000000.0
2022,Iran,Saeid Ezatolahi,1996-10-01,,no_birthdate_name_match,,
2022,Iran,Alireza Jahanbakhsh,1993-08-11,213268,matched,2022-11-10,3000000.0
2022,Iran,Morteza Pouraliganji,1992-04-19,,no_birthdate_name_match,,
2022,Iran,Mehdi Taremi,1992-07-18,307058,matched,2022-10-31,20000000.0
2022,Iran,Karim Ansarifard,1990-04-03,,no_birthdate_name_match,,
2022,Iran,Vahid Amiri,1988-04-02,,no_birthdate_name_match,,
2022,Iran,Payam Niazmand,1995-04-06,343044,matched,2022-11-08,500000.0
2022,Iran,Hossein Kanaanizadegan,1994-03-23,,no_birthdate_name_match,,
2022,Iran,Saman Ghoddos,1993-09-06,204294,matched,2022-11-02,2200000.0
2022,Iran,Rouzbeh Cheshmi,1993-07-24,,no_birthdate_name_match,,
2022,Iran,Mehdi Torabi,1994-09-10,283833,matched,2022-11-08,800000.0
2022,Iran,Ali Gholizadeh,1996-03-10,,no_birthdate_name_match,,
2022,Iran,Ali Karimi,1994-02-11,,no_birthdate_name_match,,
2022,Iran,Majid Hosseini,1996-06-20,,no_birthdate_name_match,,
2022,Iran,Sardar Azmoun,1995-01-01,180337,matched,2022-11-08,12000000.0
2022,Iran,Ahmad Nourollahi,1993-02-01,,no_birthdate_name_match,,
2022,Iran,Amir Abedzadeh,1993-04-26,218431,matched,2022-11-13,1500000.0
2022,Iran,Ramin Rezaeian,1990-03-21,,no_birthdate_name_match,,
2022,Iran,Hossein Hosseini,1992-06-30,,no_birthdate_name_match,,
2022,Iran,Abolfazl Jalali,1998-06-26,,no_birthdate_name_match,,
2022,United States,Matt Turner,1994-06-24,425306,matched,2022-11-02,5000000.0
2022,United States,Sergiño Dest,2000-11-03,361104,matched,2022-11-10,16000000.0
2022,United States,Walker Zimmerman,1993-05-19,245337,matched,2022-11-07,3500000.0
2022,United States,Tyler Adams,1999-02-14,332705,matched,2022-11-02,17000000.0
2022,United States,Antonee Robinson,1997-08-08,349701,matched,2022-11-02,10000000.0
2022,United States,Yunus Musah,2002-11-29,503991,matched,2022-11-06,20000000.0
2022,United States,Giovanni Reyna,2002-11-13,504215,matched,2022-11-08,35000000.0
2022,United States,Weston McKennie,1998-08-28,332697,matched,2022-11-10,21000000.0
2022,United States,Jesús Ferreira,2000-12-24,474249,matched,2022-11-07,8000000.0
2022,United States,Christian Pulisic,1998-09-18,315779,matched,2022-11-02,38000000.0
2022,United States,Brenden Aaronson,2000-10-22,393323,matched,2022-11-02,30000000.0
2022,United States,Ethan Horvath,1995-06-09,242284,matched,2022-10-26,1000000.0
2022,United States,Tim Ream,1987-10-05,145466,matched,2022-11-02,1000000.0
2022,United States,Luca de la Torre,1998-05-23,315762,matched,2022-11-06,2000000.0
2022,United States,Aaron Long,1992-10-12,271072,matched,2022-11-07,3000000.0
2022,United States,Jordan Morris,1994-10-26,337807,matched,2022-11-07,4500000.0
2022,United States,Cristian Roldan,1995-06-03,354792,matched,2022-11-07,6000000.0
2022,United States,Shaq Moore,1996-11-02,336168,matched,2022-11-07,1000000.0
2022,United States,Haji Wright,1998-03-27,315291,matched,2022-10-26,3400000.0
2022,United States,Cameron Carter-Vickers,1997-12-31,341049,matched,2022-11-13,9500000.0
2022,United States,Timothy Weah,2000-02-22,370846,matched,2022-11-01,12000000.0
2022,United States,DeAndre Yedlin,1993-07-09,255916,matched,2022-11-07,2000000.0
2022,United States,Kellyn Acosta,1995-07-24,189895,matched,2022-11-07,3000000.0
2022,United States,Josh Sargent,2000-02-20,393325,matched,2022-10-26,12000000.0
2022,United States,Sean Johnson,1989-05-31,126630,matched,2022-11-07,1500000.0
2022,United States,Joe Scally,2002-12-31,504153,matched,2022-11-08,12000000.0
2022,Wales,Wayne Hennessey,1987-01-24,45494,matched,2022-11-02,500000.0
2022,Wales,Chris Gunter,1989-07-21,43853,matched,2022-11-13,300000.0
2022,Wales,Neco Williams,2001-04-13,503680,matched,2022-11-02,18000000.0
2022,Wales,Ben Davies,1993-04-24,192765,matched,2022-11-02,20000000.0
2022,Wales,Chris Mepham,1997-11-05,480987,matched,2022-11-02,6000000.0
2022,Wales,Joe Rodon,1997-10-22,297212,matched,2022-11-01,9000000.0
2022,Wales,Joe Allen,1990-03-14,51452,matched,2022-10-26,1000000.0
2022,Wales,Harry Wilson,1997-03-22,279455,matched,2022-11-02,17000000.0
2022,Wales,Brennan Johnson,2001-05-23,470607,matched,2022-11-02,20000000.0
2022,Wales,Aaron Ramsey,1990-12-26,50057,matched,2022-11-01,3000000.0
2022,Wales,Gareth Bale,1989-07-16,39381,matched,2022-11-07,2000000.0
2022,Wales,Danny Ward,1993-06-22,203026,matched,2022-11-02,8000000.0
2022,Wales,Kieffer Moore,1992-08-08,275590,matched,2022-11-02,4000000.0
2022,Wales,Connor Roberts,1995-09-23,214666,matched,2022-10-26,6000000.0
2022,Wales,Ethan Ampadu,2000-09-14,392771,matched,2022-11-10,9000000.0
2022,Wales,Joe Morrell,1997-01-03,293507,matched,2022-11-13,500000.0
2022,Wales,Tom Lockyer,1994-12-03,207742,matched,2022-10-26,2000000.0
2022,Wales,Jonny Williams,1993-10-09,170322,matched,2022-11-13,400000.0
2022,Wales,Mark Harris,1998-12-29,344012,matched,2022-10-26,1000000.0
2022,Wales,Daniel James,1997-11-10,319301,matched,2022-11-02,16000000.0
2022,Wales,Adam Davies,1992-07-17,121254,matched,2022-10-26,500000.0
2022,Wales,Sorba Thomas,1999-01-25,475416,matched,2022-10-26,5000000.0
2022,Wales,Dylan Levitt,2000-11-17,496652,matched,2022-11-13,850000.0
2022,Wales,Ben Cabango,2000-05-30,496659,matched,2022-10-26,8000000.0
2022,Wales,Rubin Colwill,2002-04-27,626474,matched,2022-10-26,1500000.0
2022,Wales,Matthew Smith,1999-11-22,,no_birthdate_name_match,,
2022,Argentina,Franco Armani,1986-10-16,,no_birthdate_name_match,,
2022,Argentina,Juan Foyth,1998-01-12,480763,matched,2022-11-06,25000000.0
2022,Argentina,Nicolás Tagliafico,1992-08-31,131225,matched,2022-11-01,9000000.0
2022,Argentina,Gonzalo Montiel,1997-01-01,402733,matched,2022-11-06,12000000.0
2022,Argentina,Leandro Paredes,1994-06-29,166237,matched,2022-11-10,15000000.0
2022,Argentina,Germán Pezzella,1991-06-27,113133,matched,2022-11-06,5000000.0
2022,Argentina,Rodrigo De Paul,1994-05-24,255901,matched,2022-11-06,35000000.0
2022,Argentina,Marcos Acuña,1991-10-28,60410,matched,2022-11-06,14000000.0
2022,Argentina,Julián Alvarez,2000-01-31,576024,matched,2022-11-02,32000000.0
2022,Argentina,Lionel Messi,1987-06-24,28003,matched,2022-11-01,50000000.0
2022,Argentina,Ángel Di María,1988-02-14,45320,matched,2022-11-10,10000000.0
2022,Argentina,Gerónimo Rulli,1992-05-20,229604,matched,2022-11-06,10000000.0
2022,Argentina,Cristian Romero,1998-04-27,355915,matched,2022-11-02,55000000.0
2022,Argentina,Exequiel Palacios,1998-10-05,401578,matched,2022-11-08,15000000.0
2022,Argentina,Ángel Correa,1995-03-09,266807,matched,2022-11-06,40000000.0
2022,Argentina,Thiago Almada,2001-04-26,576028,matched,2022-11-07,15000000.0
2022,Argentina,Papu Gómez,1988-02-15,20005,matched,2022-11-06,4000000.0
2022,Argentina,Guido Rodríguez,1994-04-12,342385,matched,2022-11-06,28000000.0
2022,Argentina,Nicolás Otamendi,1988-02-12,54781,matched,2022-10-31,3000000.0
2022,Argentina,Alexis Mac Allister,1998-12-24,534033,matched,2022-11-02,32000000.0
2022,Argentina,Paulo Dybala,1993-11-15,206050,matched,2022-11-10,30000000.0
2022,Argentina,Lautaro Martínez,1997-08-22,406625,matched,2022-11-10,75000000.0
2022,Argentina,Emiliano Martínez,1992-09-02,111873,matched,2022-11-02,25000000.0
2022,Argentina,Enzo Fernández,2001-01-17,648195,matched,2022-10-31,35000000.0
2022,Argentina,Lisandro Martínez,1998-01-18,480762,matched,2022-11-02,50000000.0
2022,Argentina,Nahuel Molina,1998-04-06,424042,matched,2022-11-06,18000000.0
2022,Mexico,Alfredo Talavera,1982-09-18,50965,matched,2022-10-30,800000.0
2022,Mexico,Néstor Araujo,1991-08-29,64134,matched,2022-10-30,3000000.0
2022,Mexico,César Montes,1997-02-24,387687,matched,2022-10-30,7000000.0
2022,Mexico,Edson Álvarez,1997-10-24,401356,matched,2022-11-10,35000000.0
2022,Mexico,Johan Vásquez,1998-10-22,532937,matched,2022-11-10,3600000.0
2022,Mexico,Gerardo Arteaga,1998-09-07,469718,matched,2022-11-03,5000000.0
2022,Mexico,Luis Romo,1995-06-05,532938,matched,2022-10-30,6500000.0
2022,Mexico,Carlos Rodríguez,1997-01-03,534620,matched,2022-10-30,8000000.0
2022,Mexico,Raúl Jiménez,1991-05-05,206040,matched,2022-11-02,12000000.0
2022,Mexico,Alexis Vega,1997-11-25,424689,matched,2022-10-30,8000000.0
2022,Mexico,Rogelio Funes Mori,1991-03-05,135082,matched,2022-10-30,3500000.0
2022,Mexico,Rodolfo Cota,1987-07-03,71401,matched,2022-10-30,1200000.0
2022,Mexico,Guillermo Ochoa,1985-07-13,29559,matched,2022-10-30,1200000.0
2022,Mexico,Érick Gutiérrez,1995-06-15,298796,matched,2022-11-10,7000000.0
2022,Mexico,Héctor Moreno,1988-01-17,51046,matched,2022-10-30,1500000.0
2022,Mexico,Héctor Herrera,1990-04-19,122043,matched,2022-11-07,2800000.0
2022,Mexico,Orbelín Pineda,1996-03-24,334042,matched,2022-11-06,4000000.0
2022,Mexico,Andrés Guardado,1986-09-28,20506,matched,2022-11-06,1500000.0
2022,Mexico,Jorge Sánchez,1997-12-10,356044,matched,2022-11-10,6000000.0
2022,Mexico,Henry Martín,1992-11-18,286339,matched,2022-10-30,6000000.0
2022,Mexico,Uriel Antuna,1997-08-21,355998,matched,2022-10-30,4000000.0
2022,Mexico,Hirving Lozano,1995-07-30,316889,matched,2022-11-10,28000000.0
2022,Mexico,Jesús Gallardo,1994-08-15,344854,matched,2022-10-30,3000000.0
2022,Mexico,Luis Chávez,1996-01-15,331059,matched,2022-10-30,6500000.0
2022,Mexico,Roberto Alvarado,1998-09-07,353583,matched,2022-10-30,5000000.0
2022,Mexico,Kevin Álvarez,1999-01-15,,no_birthdate_name_match,,
2022,Poland,Wojciech Szczęsny,1990-04-18,44058,matched,2022-11-10,13000000.0
2022,Poland,Matty Cash,1997-08-07,425334,matched,2022-11-02,22000000.0
2022,Poland,Artur Jędrzejczyk,1987-11-04,42401,matched,2022-11-13,300000.0
2022,Poland,Mateusz Wieteska,1997-02-11,208172,matched,2022-11-01,3000000.0
2022,Poland,Jan Bednarek,1996-04-12,243028,matched,2022-11-02,18000000.0
2022,Poland,Krystian Bielik,1998-01-04,287247,matched,2022-10-26,3000000.0
2022,Poland,Arkadiusz Milik,1994-02-28,191891,matched,2022-11-10,10000000.0
2022,Poland,Damian Szymański,1995-06-16,259881,matched,2022-11-06,2000000.0
2022,Poland,Robert Lewandowski,1988-08-21,38253,matched,2022-11-06,45000000.0
2022,Poland,Grzegorz Krychowiak,1990-01-29,45184,matched,2022-11-13,6000000.0
2022,Poland,Kamil Grosicki,1988-06-08,37920,matched,2022-11-13,700000.0
2022,Poland,Łukasz Skorupski,1991-05-05,80894,matched,2022-11-10,3000000.0
2022,Poland,Jakub Kamiński,2002-06-05,407098,matched,2022-11-08,10000000.0
2022,Poland,Jakub Kiwior,2000-02-15,425918,matched,2022-11-10,6000000.0
2022,Poland,Kamil Glik,1988-02-03,46552,matched,2022-11-10,800000.0
2022,Poland,Karol Świderski,1997-01-23,330126,matched,2022-11-07,5000000.0
2022,Poland,Szymon Żurkowski,1997-09-25,387234,matched,2022-11-10,5800000.0
2022,Poland,Bartosz Bereszyński,1992-07-12,144143,matched,2022-11-10,3000000.0
2022,Poland,Sebastian Szymański,1999-05-10,320748,matched,2022-11-10,14000000.0
2022,Poland,Piotr Zieliński,1994-05-20,181136,matched,2022-11-10,40000000.0
2022,Poland,Nicola Zalewski,2002-01-23,550108,matched,2022-11-10,15000000.0
2022,Poland,Kamil Grabara,1999-01-08,346551,matched,2022-11-13,5000000.0
2022,Poland,Krzysztof Piątek,1995-07-01,327757,matched,2022-11-10,11000000.0
2022,Poland,Przemysław Frankowski,1995-04-12,,no_birthdate_name_match,,
2022,Poland,Robert Gumny,1998-06-04,353826,matched,2022-11-08,3500000.0
2022,Poland,Michał Skóraś,2000-02-15,,no_birthdate_name_match,,
2022,Saudi Arabia,Mohammed Al-Rubaie,1997-08-14,,no_birthdate_name_match,,
2022,Saudi Arabia,Sultan Al-Ghannam,1994-05-06,,no_birthdate_name_match,,
2022,Saudi Arabia,Abdullah Madu,1993-07-15,,no_birthdate_name_match,,
2022,Saudi Arabia,Abdulelah Al-Amri,1997-01-15,,no_birthdate_name_match,,
2022,Saudi Arabia,Ali Al-Bulaihi,1989-11-21,,no_birthdate_name_match,,
2022,Saudi Arabia,Mohammed Al-Breik,1992-09-15,,no_birthdate_name_match,,
2022,Saudi Arabia,Salman Al-Faraj,1989-08-01,,no_birthdate_name_match,,
2022,Saudi Arabia,Abdulellah Al-Malki,1994-10-11,,no_birthdate_name_match,,
2022,Saudi Arabia,Firas Al-Buraikan,2000-05-14,,no_birthdate_name_match,,
2022,Saudi Arabia,Salem Al-Dawsari,1991-08-19,,no_birthdate_name_match,,
2022,Saudi Arabia,Saleh Al-Shehri,1993-11-01,,no_birthdate_name_match,,
2022,Saudi Arabia,Saud Abdulhamid,1999-07-18,631927,matched,2022-11-13,1700000.0
2022,Saudi Arabia,Yasser Al-Shahrani,1992-05-25,,no_birthdate_name_match,,
2022,Saudi Arabia,Abdullah Otayf,1992-08-03,,no_birthdate_name_match,,
2022,Saudi Arabia,Ali Al-Hassan,1997-03-04,,no_birthdate_name_match,,
2022,Saudi Arabia,Sami Al-Najei,1997-02-07,,no_birthdate_name_match,,
2022,Saudi Arabia,Hassan Al-Tambakti,1999-02-09,,no_birthdate_name_match,,
2022,Saudi Arabia,Nawaf Al-Abed,1990-01-26,,no_birthdate_name_match,,
2022,Saudi Arabia,Hattan Bahebri,1992-07-16,,no_birthdate_name_match,,
2022,Saudi Arabia,Abdulrahman Al-Aboud,1995-06-01,,no_birthdate_name_match,,
2022,Saudi Arabia,Mohammed Al-Owais,1991-10-10,,no_birthdate_name_match,,
2022,Saudi Arabia,Nawaf Al-Aqidi,2000-05-10,,no_birthdate_name_match,,
2022,Saudi Arabia,Mohamed Kanno,1994-09-22,,no_birthdate_name_match,,
2022,Saudi Arabia,Nasser Al-Dawsari,1998-12-19,,no_birthdate_name_match,,
2022,Saudi Arabia,Haitham Asiri,2001-03-25,,no_birthdate_name_match,,
2022,Saudi Arabia,Riyadh Sharahili,1993-04-28,,no_birthdate_name_match,,
2022,Australia,Mathew Ryan,1992-04-08,128969,matched,2022-11-13,5000000.0
2022,Australia,Miloš Degenek,1994-04-28,187353,matched,2022-11-07,2000000.0
2022,Australia,Nathaniel Atkinson,1999-06-13,556038,matched,2022-11-13,1000000.0
2022,Australia,Kye Rowles,1998-06-24,399990,matched,2022-11-13,600000.0
2022,Australia,Fran Karačić,1996-05-12,367795,matched,2022-11-10,1200000.0
2022,Australia,Marco Tilio,2001-08-23,565531,matched,2022-05-05,900000.0
2022,Australia,Mathew Leckie,1991-02-04,126214,matched,2022-11-13,800000.0
2022,Australia,Bailey Wright,1992-07-28,147419,matched,2022-10-26,700000.0
2022,Australia,Jamie Maclaren,1993-07-29,173591,matched,2022-11-13,1800000.0
2022,Australia,Ajdin Hrustic,1996-07-05,265625,matched,2022-11-10,1800000.0
2022,Australia,Awer Mabil,1995-09-15,255729,matched,2022-11-06,1500000.0
2022,Australia,Andrew Redmayne,1989-01-13,51975,matched,2022-11-13,500000.0
2022,Australia,Aaron Mooy,1990-09-15,123951,matched,2022-11-13,4000000.0
2022,Australia,Riley McGree,1998-11-02,428061,matched,2022-10-26,2000000.0
2022,Australia,Mitchell Duke,1991-01-18,,no_birthdate_name_match,,
2022,Australia,Aziz Behich,1990-12-16,136834,matched,2022-11-13,700000.0
2022,Australia,Cameron Devlin,1998-06-07,,no_birthdate_name_match,,
2022,Australia,Danny Vukovic,1985-03-27,43113,matched,2022-11-13,150000.0
2022,Australia,Harry Souttar,1998-10-22,298091,matched,2022-10-26,4500000.0
2022,Australia,Thomas Deng,1997-03-20,366543,matched,2022-11-13,600000.0
2022,Australia,Garang Kuol,2004-09-15,967948,matched,2022-11-13,800000.0
2022,Australia,Jackson Irvine,1993-03-07,192557,matched,2022-11-13,2000000.0
2022,Australia,Craig Goodwin,1991-12-16,214798,matched,2022-11-13,1200000.0
2022,Australia,Joel King,2000-10-30,616430,matched,2022-11-13,500000.0
2022,Australia,Jason Cummings,1995-08-01,209583,matched,2022-11-13,900000.0
2022,Australia,Keanu Baccus,1998-06-07,479037,matched,2022-11-13,650000.0
2022,Denmark,Kasper Schmeichel,1986-11-05,16911,matched,2022-11-01,2500000.0
2022,Denmark,Joachim Andersen,1996-05-31,260827,matched,2022-11-02,32000000.0
2022,Denmark,Victor Nelsson,1998-10-14,422951,matched,2022-10-26,14000000.0
2022,Denmark,Simon Kjær,1989-03-26,,no_birthdate_name_match,,
2022,Denmark,Joakim Mæhle,1997-05-20,369674,matched,2022-11-10,14000000.0
2022,Denmark,Andreas Christensen,1996-04-10,196948,matched,2022-11-06,30000000.0
2022,Denmark,Mathias Jensen,1996-01-01,319859,matched,2022-11-02,14000000.0
2022,Denmark,Thomas Delaney,1991-09-03,91849,matched,2022-11-06,3000000.0
2022,Denmark,Martin Braithwaite,1991-06-05,95732,matched,2022-11-06,5000000.0
2022,Denmark,Christian Eriksen,1992-02-14,69633,matched,2022-11-02,25000000.0
2022,Denmark,Andreas Skov Olsen,1999-12-29,432982,matched,2022-11-03,20000000.0
2022,Denmark,Kasper Dolberg,1997-10-06,283196,matched,2022-11-06,12000000.0
2022,Denmark,Rasmus Kristensen,1997-07-11,369684,matched,2022-11-02,15000000.0
2022,Denmark,Mikkel Damsgaard,2000-07-03,540941,matched,2022-11-02,15000000.0
2022,Denmark,Christian Nørgaard,1994-03-10,148367,matched,2022-11-02,14000000.0
2022,Denmark,Oliver Christensen,1999-03-22,471936,matched,2022-11-08,4500000.0
2022,Denmark,Jens Stryger Larsen,1991-02-21,69646,matched,2022-10-26,2000000.0
2022,Denmark,Daniel Wass,1989-05-31,63463,matched,2022-11-13,2500000.0
2022,Denmark,Jonas Wind,1999-02-07,391004,matched,2022-11-08,14000000.0
2022,Denmark,Yussuf Poulsen,1994-06-15,157635,matched,2022-11-08,10000000.0
2022,Denmark,Andreas Cornelius,1993-03-16,203412,matched,2022-11-13,6000000.0
2022,Denmark,Frederik Rønnow,1992-08-04,,no_birthdate_name_match,,
2022,Denmark,Pierre-Emile Højbjerg,1995-08-05,167799,matched,2022-11-02,45000000.0
2022,Denmark,Robert Skov,1996-05-20,270393,matched,2022-11-08,9000000.0
2022,Denmark,Jesper Lindstrøm,2000-02-29,513245,matched,2022-11-08,28000000.0
2022,Denmark,Alexander Bah,1997-12-09,452607,matched,2022-10-31,8000000.0
2022,France,Hugo Lloris,1986-12-26,17965,matched,2022-11-02,7000000.0
2022,France,Benjamin Pavard,1996-03-28,353366,matched,2022-11-08,35000000.0
2022,France,Axel Disasi,1998-03-11,386047,matched,2022-11-01,25000000.0
2022,France,Raphaël Varane,1993-04-25,164770,matched,2022-11-02,40000000.0
2022,France,Jules Koundé,1998-11-12,411975,matched,2022-11-06,60000000.0
2022,France,Mattéo Guendouzi,1999-04-14,465830,matched,2022-11-01,25000000.0
2022,France,Antoine Griezmann,1991-03-21,125781,matched,2022-11-06,25000000.0
2022,France,Aurélien Tchouaméni,2000-01-27,413112,matched,2022-11-06,80000000.0
2022,France,Olivier Giroud,1986-09-30,82442,matched,2022-11-10,4000000.0
2022,France,Kylian Mbappé,1998-12-20,342229,matched,2022-11-01,160000000.0
2022,France,Ousmane Dembélé,1997-05-15,288230,matched,2022-11-06,60000000.0
2022,France,Randal Kolo Muani,1998-12-05,487969,matched,2022-11-08,30000000.0
2022,France,Youssouf Fofana,1999-01-10,569598,matched,2022-11-01,25000000.0
2022,France,Adrien Rabiot,1995-04-03,182913,matched,2022-11-10,18000000.0
2022,France,Jordan Veretout,1993-03-01,164771,matched,2022-11-01,14000000.0
2022,France,Steve Mandanda,1985-03-28,23951,matched,2022-11-01,1500000.0
2022,France,William Saliba,2001-03-24,495666,matched,2022-11-02,50000000.0
2022,France,Dayot Upamecano,1998-10-27,344695,matched,2022-11-08,50000000.0
2022,France,Karim Benzema,1987-12-19,18922,matched,2022-11-06,35000000.0
2022,France,Kingsley Coman,1996-06-13,243714,matched,2022-11-08,60000000.0
2022,France,Lucas Hernandez,1996-02-14,281963,matched,2022-11-08,50000000.0
2022,France,Théo Hernandez,1997-10-06,,no_birthdate_name_match,,
2022,France,Alphonse Areola,1993-02-27,120629,matched,2022-11-02,8000000.0
2022,France,Ibrahima Konaté,1999-05-25,357119,matched,2022-11-02,35000000.0
2022,France,Eduardo Camavinga,2002-11-10,640428,matched,2022-11-06,50000000.0
2022,France,Marcus Thuram,1997-08-06,318528,matched,2022-11-08,30000000.0
2022,Tunisia,Aymen Mathlouthi,1984-09-14,,no_birthdate_name_match,,
2022,Tunisia,Bilel Ifa,1990-03-09,,no_birthdate_name_match,,
2022,Tunisia,Montassar Talbi,1998-05-26,496706,matched,2022-11-01,4000000.0
2022,Tunisia,Yassine Meriah,1993-07-02,,no_birthdate_name_match,,
2022,Tunisia,Nader Ghandri,1995-02-18,275956,matched,2022-11-13,650000.0
2022,Tunisia,Dylan Bronn,1995-06-19,450417,matched,2022-11-10,3000000.0
2022,Tunisia,Youssef Msakni,1990-10-28,69110,matched,2022-11-09,1200000.0
2022,Tunisia,Hannibal Mejbri,2003-01-21,607224,matched,2022-10-26,6000000.0
2022,Tunisia,Issam Jebali,1991-12-25,122635,matched,2022-11-13,500000.0
2022,Tunisia,Wahbi Khazri,1991-02-08,103565,matched,2022-11-01,3000000.0
2022,Tunisia,Taha Yassine Khenissi,1992-01-06,,no_birthdate_name_match,,
2022,Tunisia,Ali Maâloul,1990-01-01,,no_birthdate_name_match,,
2022,Tunisia,Ferjani Sassi,1992-03-18,,no_birthdate_name_match,,
2022,Tunisia,Aïssa Laïdouni,1996-12-13,233782,matched,2022-11-13,4000000.0
2022,Tunisia,Mohamed Ali Ben Romdhane,1999-09-06,,no_birthdate_name_match,,
2022,Tunisia,Aymen Dahmen,1997-01-28,,no_birthdate_name_match,,
2022,Tunisia,Ellyes Skhiri,1995-05-10,290587,matched,2022-11-08,13000000.0
2022,Tunisia,Ghailene Chaalali,1994-02-28,,no_birthdate_name_match,,
2022,Tunisia,Seifeddine Jaziri,1993-02-12,,no_birthdate_name_match,,
2022,Tunisia,Mohamed Dräger,1996-06-25,192167,matched,2022-11-09,1300000.0
2022,Tunisia,Wajdi Kechrida,1995-11-05,,no_birthdate_name_match,,
2022,Tunisia,Bechir Ben Saïd,1992-11-29,,no_birthdate_name_match,,
2022,Tunisia,Naïm Sliti,1992-07-27,,no_birthdate_name_match,,
2022,Tunisia,Ali Abdi,1993-12-20,211474,matched,2022-10-27,1500000.0
2022,Tunisia,Anis Ben Slimane,2001-03-16,546712,matched,2022-11-13,3500000.0
2022,Tunisia,Mouez Hassen,1995-03-05,215677,matched,2022-11-13,450000.0
2022,Costa Rica,Keylor Navas,1986-12-15,79422,matched,2022-11-01,5000000.0
2022,Costa Rica,Daniel Chacón,2001-04-11,524992,matched,2022-11-13,300000.0
2022,Costa Rica,Juan Pablo Vargas,1995-06-06,,no_birthdate_name_match,,
2022,Costa Rica,Keysher Fuller,1994-07-12,,no_birthdate_name_match,,
2022,Costa Rica,Celso Borges,1988-05-27,81532,matched,2022-11-13,200000.0
2022,Costa Rica,Óscar Duarte,1989-06-03,175323,matched,2022-11-13,600000.0
2022,Costa Rica,Anthony Contreras,2000-01-29,,no_birthdate_name_match,,
2022,Costa Rica,Bryan Oviedo,1990-02-18,124983,matched,2022-11-07,200000.0
2022,Costa Rica,Jewison Bennette,2004-06-15,743627,matched,2022-10-26,1000000.0
2022,Costa Rica,Bryan Ruiz,1985-08-18,39642,matched,2022-11-13,150000.0
2022,Costa Rica,Johan Venegas,1988-11-27,,no_birthdate_name_match,,
2022,Costa Rica,Joel Campbell,1992-06-26,131248,matched,2022-10-30,2500000.0
2022,Costa Rica,Gerson Torres,1997-08-28,,no_birthdate_name_match,,
2022,Costa Rica,Youstin Salas,1996-06-17,,no_birthdate_name_match,,
2022,Costa Rica,Francisco Calvo,1992-07-08,188470,matched,2022-10-26,1700000.0
2022,Costa Rica,Carlos Martínez,1999-03-30,,no_birthdate_name_match,,
2022,Costa Rica,Yeltsin Tejeda,1992-03-17,,no_birthdate_name_match,,
2022,Costa Rica,Esteban Alvarado,1989-04-28,,no_birthdate_name_match,,
2022,Costa Rica,Kendall Waston,1988-01-01,,no_birthdate_name_match,,
2022,Costa Rica,Brandon Aguilera,2003-06-28,631996,matched,2022-11-13,275000.0
2022,Costa Rica,Douglas López,1998-09-21,,no_birthdate_name_match,,
2022,Costa Rica,Rónald Matarrita,1994-07-09,268273,matched,2022-11-07,1500000.0
2022,Costa Rica,Patrick Sequeira,1999-03-01,378482,matched,2022-11-13,200000.0
2022,Costa Rica,Roan Wilson,2002-05-01,645191,matched,2022-11-13,250000.0
2022,Costa Rica,Anthony Hernández,2001-10-11,,no_birthdate_name_match,,
2022,Costa Rica,Álvaro Zamora,2002-03-09,,no_birthdate_name_match,,
2022,Germany,Manuel Neuer,1986-03-27,17259,matched,2022-11-08,12000000.0
2022,Germany,Antonio Rüdiger,1993-03-03,86202,matched,2022-11-06,40000000.0
2022,Germany,David Raum,1998-04-22,318204,matched,2022-11-08,26000000.0
2022,Germany,Matthias Ginter,1994-01-19,124502,matched,2022-11-08,20000000.0
2022,Germany,Thilo Kehrer,1996-09-21,228948,matched,2022-11-02,22000000.0
2022,Germany,Joshua Kimmich,1995-02-08,161056,matched,2022-11-08,80000000.0
2022,Germany,Kai Havertz,1999-06-11,309400,matched,2022-11-02,70000000.0
2022,Germany,Leon Goretzka,1995-02-06,153084,matched,2022-11-08,65000000.0
2022,Germany,Niclas Füllkrug,1993-02-09,75489,matched,2022-11-08,5000000.0
2022,Germany,Serge Gnabry,1995-07-14,159471,matched,2022-11-08,65000000.0
2022,Germany,Mario Götze,1992-06-03,74842,matched,2022-11-08,13000000.0
2022,Germany,Kevin Trapp,1990-07-08,45672,matched,2022-11-08,8500000.0
2022,Germany,Thomas Müller,1989-09-13,58358,matched,2022-11-08,18000000.0
2022,Germany,Jamal Musiala,2003-02-26,580195,matched,2022-11-08,100000000.0
2022,Germany,Niklas Süle,1995-09-03,166601,matched,2022-11-08,35000000.0
2022,Germany,Lukas Klostermann,1996-06-03,215599,matched,2022-11-08,14000000.0
2022,Germany,Julian Brandt,1996-05-02,187492,matched,2022-11-08,28000000.0
2022,Germany,Jonas Hofmann,1992-07-14,7161,matched,2022-11-08,13000000.0
2022,Germany,Leroy Sané,1996-01-11,192565,matched,2022-11-08,70000000.0
2022,Germany,Christian Günter,1993-02-28,93707,matched,2022-11-08,10000000.0
2022,Germany,İlkay Gündoğan,1990-10-24,53622,matched,2022-11-02,25000000.0
2022,Germany,Marc-André ter Stegen,1992-04-30,74857,matched,2022-11-06,30000000.0
2022,Germany,Nico Schlotterbeck,1999-12-01,388198,matched,2022-11-08,33000000.0
2022,Germany,Karim Adeyemi,2002-01-18,496094,matched,2022-11-08,35000000.0
2022,Germany,Armel Bella-Kotchap,2001-12-11,467563,matched,2022-11-02,18000000.0
2022,Germany,Youssoufa Moukoko,2004-11-20,467720,matched,2022-11-08,30000000.0
2022,Japan,Eiji Kawashima,1983-03-20,,no_birthdate_name_match,,
2022,Japan,Miki Yamane,1993-12-22,,no_birthdate_name_match,,
2022,Japan,Shōgo Taniguchi,1991-07-15,307870,matched,2022-11-13,1800000.0
2022,Japan,Kō Itakura,1997-01-27,355816,matched,2022-11-08,7500000.0
2022,Japan,Yūto Nagatomo,1986-09-12,79522,matched,2022-11-13,400000.0
2022,Japan,Wataru Endō,1993-02-09,146310,matched,2022-11-08,6500000.0
2022,Japan,Gaku Shibasaki,1992-05-28,129693,matched,2022-11-13,1000000.0
2022,Japan,Ritsu Dōan,1998-06-16,358504,matched,2022-11-08,12000000.0
2022,Japan,Kaoru Mitoma,1997-05-20,504849,matched,2022-11-02,6000000.0
2022,Japan,Takumi Minamino,1995-01-16,165793,matched,2022-11-01,10000000.0
2022,Japan,Takefusa Kubo,2001-06-04,405398,matched,2022-11-06,12000000.0
2022,Japan,Shūichi Gonda,1989-03-03,79517,matched,2022-11-13,500000.0
2022,Japan,Hidemasa Morita,1995-05-10,524315,matched,2022-10-31,7000000.0
2022,Japan,Junya Itō,1993-03-09,348791,matched,2022-11-01,9000000.0
2022,Japan,Daichi Kamada,1996-08-05,356141,matched,2022-11-08,30000000.0
2022,Japan,Takehiro Tomiyasu,1998-11-05,331560,matched,2022-11-02,25000000.0
2022,Japan,Ao Tanaka,1998-09-10,489359,matched,2022-11-13,1800000.0
2022,Japan,Takuma Asano,1994-11-10,245744,matched,2022-11-08,3000000.0
2022,Japan,Hiroki Sakai,1990-04-12,83002,matched,2022-11-13,1700000.0
2022,Japan,Shūto Machino,1999-09-30,,no_birthdate_name_match,,
2022,Japan,Ayase Ueda,1998-08-28,589128,matched,2022-11-03,2000000.0
2022,Japan,Maya Yoshida,1988-08-24,81789,matched,2022-11-08,1500000.0
2022,Japan,Daniel Schmidt,1992-02-03,158799,matched,2022-11-03,1500000.0
2022,Japan,Yūki Sōma,1997-02-25,,no_birthdate_name_match,,
2022,Japan,Daizen Maeda,1997-10-20,420931,matched,2022-11-13,4000000.0
2022,Japan,Hiroki Itō,1999-05-12,353892,matched,2022-11-08,5500000.0
2022,Spain,Robert Sánchez,1997-11-18,403151,matched,2022-11-02,32000000.0
2022,Spain,César Azpilicueta,1989-08-28,57500,matched,2022-11-02,8000000.0
2022,Spain,Eric García,2001-01-09,466794,matched,2022-11-06,18000000.0
2022,Spain,Pau Torres,1997-01-16,399776,matched,2022-11-06,50000000.0
2022,Spain,Sergio Busquets,1988-07-16,65230,matched,2022-11-06,5000000.0
2022,Spain,Marcos Llorente,1995-01-30,282411,matched,2022-11-06,35000000.0
2022,Spain,Álvaro Morata,1992-10-23,128223,matched,2022-11-06,25000000.0
2022,Spain,Koke,1992-01-08,74229,matched,2022-11-06,18000000.0
2022,Spain,Gavi,2004-08-05,646740,matched,2022-11-06,90000000.0
2022,Spain,Marco Asensio,1996-01-21,296622,matched,2022-11-06,25000000.0
2022,Spain,Ferran Torres,2000-02-29,398184,matched,2022-11-06,35000000.0
2022,Spain,Nico Williams,2002-07-12,709187,matched,2022-11-06,25000000.0
2022,Spain,David Raya,1995-09-15,262749,matched,2022-11-02,22000000.0
2022,Spain,Alejandro Balde,2003-10-18,636688,matched,2022-11-06,15000000.0
2022,Spain,Hugo Guillamón,2000-01-31,495629,matched,2022-11-06,25000000.0
2022,Spain,Rodri,1996-06-22,357565,matched,2022-11-02,80000000.0
2022,Spain,Yéremy Pino,2002-10-20,568157,matched,2022-11-06,38000000.0
2022,Spain,Jordi Alba,1989-03-21,69751,matched,2022-11-06,5000000.0
2022,Spain,Carlos Soler,1997-01-02,372246,matched,2022-11-01,35000000.0
2022,Spain,Dani Carvajal,1992-01-11,,no_birthdate_name_match,,
2022,Spain,Dani Olmo,1998-05-07,293385,matched,2022-11-08,40000000.0
2022,Spain,Pablo Sarabia,1992-05-11,74230,matched,2022-11-01,20000000.0
2022,Spain,Unai Simón,1997-06-11,262396,matched,2022-11-06,25000000.0
2022,Spain,Aymeric Laporte,1994-05-27,176553,matched,2022-11-02,38000000.0
2022,Spain,Ansu Fati,2002-10-31,466810,matched,2022-11-06,50000000.0
2022,Spain,Pedri,2002-11-25,683840,matched,2022-11-06,100000000.0
2022,Belgium,Thibaut Courtois,1992-05-11,108390,matched,2022-11-06,60000000.0
2022,Belgium,Toby Alderweireld,1989-03-02,42710,matched,2022-11-03,4000000.0
2022,Belgium,Arthur Theate,2000-05-25,368891,matched,2022-11-01,20000000.0
2022,Belgium,Wout Faes,1998-04-03,292808,matched,2022-11-02,20000000.0
2022,Belgium,Jan Vertonghen,1987-04-24,43250,matched,2022-11-03,1800000.0
2022,Belgium,Axel Witsel,1989-01-12,35047,matched,2022-11-06,5000000.0
2022,Belgium,Kevin De Bruyne,1991-06-28,88755,matched,2022-11-02,80000000.0
2022,Belgium,Youri Tielemans,1997-05-07,249565,matched,2022-11-02,40000000.0
2022,Belgium,Romelu Lukaku,1993-05-13,96341,matched,2022-11-10,55000000.0
2022,Belgium,Eden Hazard,1991-01-07,50202,matched,2022-11-06,7500000.0
2022,Belgium,Yannick Carrasco,1993-09-04,140776,matched,2022-11-06,30000000.0
2022,Belgium,Simon Mignolet,1988-03-06,50219,matched,2022-11-03,5000000.0
2022,Belgium,Koen Casteels,1992-06-25,108880,matched,2022-11-08,8000000.0
2022,Belgium,Dries Mertens,1987-05-06,56416,matched,2022-10-26,3400000.0
2022,Belgium,Thomas Meunier,1991-09-12,100986,matched,2022-11-08,6500000.0
2022,Belgium,Thorgan Hazard,1993-03-29,102226,matched,2022-11-08,9000000.0
2022,Belgium,Leandro Trossard,1994-12-04,144028,matched,2022-11-02,30000000.0
2022,Belgium,Amadou Onana,2001-08-16,485706,matched,2022-11-02,35000000.0
2022,Belgium,Leander Dendoncker,1995-04-15,168157,matched,2022-11-02,22000000.0
2022,Belgium,Hans Vanaken,1992-08-24,137576,matched,2022-11-03,15000000.0
2022,Belgium,Timothy Castagne,1995-12-05,262226,matched,2022-11-02,28000000.0
2022,Belgium,Charles De Ketelaere,2001-03-10,435772,matched,2022-11-10,30000000.0
2022,Belgium,Michy Batshuayi,1993-10-02,179184,matched,2022-10-26,10000000.0
2022,Belgium,Loïs Openda,2000-02-16,368887,matched,2022-11-01,12000000.0
2022,Belgium,Jérémy Doku,2002-05-27,486049,matched,2022-11-01,18000000.0
2022,Belgium,Zeno Debast,2003-10-24,,no_birthdate_name_match,,
2022,Canada,Dayne St. Clair,1997-05-09,439750,matched,2022-11-07,1500000.0
2022,Canada,Alistair Johnston,1998-10-08,637446,matched,2022-11-07,6000000.0
2022,Canada,Sam Adekugbe,1995-01-16,,no_birthdate_name_match,,
2022,Canada,Kamal Miller,1997-05-16,487504,matched,2022-11-07,4000000.0
2022,Canada,Steven Vitória,1987-01-11,54716,matched,2022-10-31,100000.0
2022,Canada,Samuel Piette,1994-11-12,189019,matched,2022-11-07,2500000.0
2022,Canada,Stephen Eustáquio,1996-12-21,512913,matched,2022-10-31,8000000.0
2022,Canada,Liam Fraser,1998-02-13,377109,matched,2022-10-04,900000.0
2022,Canada,Lucas Cavallini,1992-12-28,221038,matched,2022-11-07,2000000.0
2022,Canada,Junior Hoilett,1990-06-05,58993,matched,2022-10-26,800000.0
2022,Canada,Tajon Buchanan,1999-02-08,638793,matched,2022-11-03,12000000.0
2022,Canada,Iké Ugbo,1998-09-21,339943,matched,2022-11-01,4000000.0
2022,Canada,Atiba Hutchinson,1983-02-08,16101,matched,2022-10-26,200000.0
2022,Canada,Mark-Anthony Kaye,1994-12-02,343553,matched,2022-11-07,3000000.0
2022,Canada,Ismaël Koné,2002-06-16,921655,matched,2022-11-07,6000000.0
2022,Canada,James Pantemis,1997-02-21,429217,matched,2022-11-07,400000.0
2022,Canada,Cyle Larin,1995-04-17,343463,matched,2022-11-03,6000000.0
2022,Canada,Milan Borjan,1987-10-23,67797,matched,2022-11-13,1200000.0
2022,Canada,Alphonso Davies,2000-11-02,424204,matched,2022-11-08,70000000.0
2022,Canada,Jonathan David,2000-01-14,533738,matched,2022-11-01,45000000.0
2022,Canada,Jonathan Osorio,1992-06-12,260807,matched,2022-11-07,3500000.0
2022,Canada,Richie Laryea,1995-01-07,417348,matched,2022-11-07,2500000.0
2022,Canada,Liam Millar,1999-09-27,487417,matched,2022-11-09,2300000.0
2022,Canada,David Wotherspoon,1990-01-16,,no_birthdate_name_match,,
2022,Canada,Derek Cornelius,1997-11-25,328609,matched,2022-11-06,800000.0
2022,Canada,Joel Waterman,1996-01-24,441738,matched,2022-11-07,2000000.0
2022,Croatia,Dominik Livaković,1995-01-09,205927,matched,2022-11-07,8500000.0
2022,Croatia,Josip Stanišić,2000-04-02,483046,matched,2022-11-08,8000000.0
2022,Croatia,Borna Barišić,1992-11-10,39125,matched,2022-11-13,6500000.0
2022,Croatia,Ivan Perišić,1989-02-02,42460,matched,2022-11-02,10000000.0
2022,Croatia,Martin Erlić,1998-01-24,357003,matched,2022-11-10,5500000.0
2022,Croatia,Dejan Lovren,1989-07-05,37838,matched,2022-11-13,3500000.0
2022,Croatia,Lovro Majer,1998-01-17,387106,matched,2022-11-01,22000000.0
2022,Croatia,Mateo Kovačić,1994-05-06,51471,matched,2022-11-02,40000000.0
2022,Croatia,Andrej Kramarić,1991-06-19,46580,matched,2022-11-08,9000000.0
2022,Croatia,Luka Modrić,1985-09-09,27992,matched,2022-11-06,10000000.0
2022,Croatia,Marcelo Brozović,1992-11-16,156617,matched,2022-11-10,35000000.0
2022,Croatia,Ivo Grbić,1996-01-18,226073,matched,2022-11-06,3500000.0
2022,Croatia,Nikola Vlašić,1997-10-04,293200,matched,2022-11-10,20000000.0
2022,Croatia,Marko Livaja,1993-08-26,95438,matched,2022-11-07,8000000.0
2022,Croatia,Mario Pašalić,1995-02-09,205938,matched,2022-11-10,25000000.0
2022,Croatia,Bruno Petković,1994-09-16,256358,matched,2022-11-07,6000000.0
2022,Croatia,Ante Budimir,1991-07-22,46413,matched,2022-11-06,6000000.0
2022,Croatia,Mislav Oršić,1992-12-29,119150,matched,2022-11-07,10000000.0
2022,Croatia,Borna Sosa,1998-01-21,293194,matched,2022-11-08,20000000.0
2022,Croatia,Joško Gvardiol,2002-01-23,475959,matched,2022-11-08,60000000.0
2022,Croatia,Domagoj Vida,1989-04-29,46083,matched,2022-11-06,2000000.0
2022,Croatia,Josip Juranović,1995-08-16,362977,matched,2022-11-13,6500000.0
2022,Croatia,Ivica Ivušić,1995-02-01,160482,matched,2022-11-07,5000000.0
2022,Croatia,Josip Šutalo,2000-02-28,371001,matched,2022-11-07,18000000.0
2022,Croatia,Luka Sučić,2002-09-08,502722,matched,2022-11-09,20000000.0
2022,Croatia,Kristijan Jakić,1997-05-14,374954,matched,2022-11-08,9000000.0
2022,Morocco,Yassine Bounou,1991-04-05,207834,matched,2022-11-06,15000000.0
2022,Morocco,Achraf Hakimi,1998-11-04,398073,matched,2022-11-01,65000000.0
2022,Morocco,Noussair Mazraoui,1997-11-14,340456,matched,2022-11-08,25000000.0
2022,Morocco,Sofyan Amrabat,1996-08-21,287579,matched,2022-11-10,10000000.0
2022,Morocco,Nayef Aguerd,1996-03-30,361914,matched,2022-11-02,25000000.0
2022,Morocco,Romain Saïss,1990-03-26,204198,matched,2022-10-26,6500000.0
2022,Morocco,Hakim Ziyech,1993-03-19,217111,matched,2022-11-02,17000000.0
2022,Morocco,Azzedine Ounahi,2000-04-19,593482,matched,2022-11-01,3500000.0
2022,Morocco,Abderrazak Hamdallah,1990-12-17,,no_birthdate_name_match,,
2022,Morocco,Anass Zaroury,2000-11-07,491296,matched,2022-10-26,4000000.0
2022,Morocco,Abdelhamid Sabiri,1996-11-28,340394,matched,2022-11-10,3000000.0
2022,Morocco,Munir Mohamedi,1989-05-10,,no_birthdate_name_match,,
2022,Morocco,Ilias Chair,1997-10-30,380473,matched,2022-10-26,10000000.0
2022,Morocco,Zakaria Aboukhlal,2000-02-18,393238,matched,2022-11-01,3500000.0
2022,Morocco,Selim Amallah,1996-11-15,377219,matched,2022-11-03,4500000.0
2022,Morocco,Abde Ezzalzouli,2001-12-17,724520,matched,2022-11-06,8000000.0
2022,Morocco,Sofiane Boufal,1993-09-17,232271,matched,2022-11-01,8000000.0
2022,Morocco,Jawad El Yamiq,1992-02-29,235412,matched,2022-11-06,1200000.0
2022,Morocco,Youssef En-Nesyri,1997-06-01,433049,matched,2022-11-06,12000000.0
2022,Morocco,Achraf Dari,1999-05-06,566823,matched,2022-11-01,2500000.0
2022,Morocco,Walid Cheddira,1998-01-22,521407,matched,2022-09-26,2500000.0
2022,Morocco,Ahmed Reda Tagnaouti,1996-04-05,,no_birthdate_name_match,,
2022,Morocco,Bilal El Khannous,2004-05-10,,no_birthdate_name_match,,
2022,Morocco,Badr Benoun,1993-09-30,245193,matched,2022-11-09,1000000.0
2022,Morocco,Yahia Attiyat Allah,1995-03-02,366746,matched,2022-11-10,1500000.0
2022,Morocco,Yahya Jabrane,1991-06-18,,no_birthdate_name_match,,
2022,Brazil,Alisson,1992-10-02,105470,matched,2022-11-02,50000000.0
2022,Brazil,Danilo,1991-07-15,145707,matched,2022-11-10,12000000.0
2022,Brazil,Thiago Silva,1984-09-22,29241,matched,2022-11-02,2500000.0
2022,Brazil,Marquinhos,1994-05-14,181767,matched,2022-11-01,70000000.0
2022,Brazil,Casemiro,1992-02-23,16306,matched,2022-11-02,50000000.0
2022,Brazil,Alex Sandro,1991-01-26,79960,matched,2022-11-10,4500000.0
2022,Brazil,Lucas Paquetá,1997-08-27,444523,matched,2022-11-02,45000000.0
2022,Brazil,Fred,1993-03-05,191614,matched,2022-11-02,20000000.0
2022,Brazil,Richarlison,1997-05-10,378710,matched,2022-11-02,50000000.0
2022,Brazil,Neymar,1992-02-05,68290,matched,2022-11-01,75000000.0
2022,Brazil,Raphinha,1996-12-14,411295,matched,2022-11-06,50000000.0
2022,Brazil,Weverton,1987-12-13,69400,matched,2022-11-13,3500000.0
2022,Brazil,Dani Alves,1983-05-06,15951,matched,2022-10-30,1000000.0
2022,Brazil,Éder Militão,1998-01-18,401530,matched,2022-11-06,60000000.0
2022,Brazil,Fabinho,1993-10-23,225693,matched,2022-11-02,55000000.0
2022,Brazil,Alex Telles,1992-12-15,255755,matched,2022-11-06,14000000.0
2022,Brazil,Bruno Guimarães,1997-11-16,520624,matched,2022-11-02,60000000.0
2022,Brazil,Gabriel Jesus,1997-04-03,363205,matched,2022-11-02,75000000.0
2022,Brazil,Antony,2000-02-24,602105,matched,2022-11-02,75000000.0
2022,Brazil,Vinícius Júnior,2000-07-12,371998,matched,2022-11-06,120000000.0
2022,Brazil,Rodrygo,2001-01-09,412363,matched,2022-11-06,80000000.0
2022,Brazil,Éverton Ribeiro,1989-04-10,52896,matched,2022-11-13,4500000.0
2022,Brazil,Ederson,1993-08-17,238223,matched,2022-11-02,45000000.0
2022,Brazil,Bremer,1997-03-18,516716,matched,2022-11-10,40000000.0
2022,Brazil,Pedro,1997-06-20,432895,matched,2022-11-13,20000000.0
2022,Brazil,Gabriel Martinelli,2001-06-18,655488,matched,2022-11-02,60000000.0
2022,Cameroon,Simon Ngapandouetnbu,2003-04-12,696600,matched,2022-11-01,400000.0
2022,Cameroon,Jerome Ngom Mbekeli,1998-09-30,,no_birthdate_name_match,,
2022,Cameroon,Nicolas Nkoulou,1990-03-27,,no_birthdate_name_match,,
2022,Cameroon,Christopher Wooh,2001-09-18,572326,matched,2022-11-01,6000000.0
2022,Cameroon,Gaël Ondoua,1995-11-04,322309,matched,2022-11-13,800000.0
2022,Cameroon,Moumi Ngamaleu,1994-07-09,,no_birthdate_name_match,,
2022,Cameroon,Georges-Kévin Nkoudou,1995-02-13,,no_birthdate_name_match,,
2022,Cameroon,André-Frank Zambo Anguissa,1995-11-16,354361,matched,2022-11-10,38000000.0
2022,Cameroon,Jean-Pierre Nsame,1993-05-01,225055,matched,2022-11-09,4000000.0
2022,Cameroon,Vincent Aboubakar,1992-01-22,147487,matched,2022-11-13,5000000.0
2022,Cameroon,Christian Bassogog,1995-10-18,374281,matched,2022-11-13,4500000.0
2022,Cameroon,Karl Toko Ekambi,1992-09-14,315110,matched,2022-11-01,12000000.0
2022,Cameroon,Eric Maxim Choupo-Moting,1989-03-23,45660,matched,2022-11-08,6000000.0
2022,Cameroon,Samuel Gouet,1997-12-14,,no_birthdate_name_match,,
2022,Cameroon,Pierre Kunde,1995-07-26,339829,matched,2022-11-06,2000000.0
2022,Cameroon,Devis Epassy,1993-02-02,170471,matched,2022-11-13,700000.0
2022,Cameroon,Olivier Mbaizo,1997-08-15,426944,matched,2022-11-07,1500000.0
2022,Cameroon,Martin Hongla,1998-03-16,398808,matched,2022-11-10,3500000.0
2022,Cameroon,Collins Fai,1992-08-13,250638,matched,2022-11-13,1000000.0
2022,Cameroon,Bryan Mbeumo,1999-08-07,413039,matched,2022-11-02,28000000.0
2022,Cameroon,Jean-Charles Castelletto,1995-01-26,182875,matched,2022-11-01,4000000.0
2022,Cameroon,Olivier Ntcham,1996-02-09,224088,matched,2022-10-26,2800000.0
2022,Cameroon,André Onana,1996-04-02,234509,matched,2022-11-10,14000000.0
2022,Cameroon,Enzo Ebosse,1999-03-11,342877,matched,2022-11-10,4500000.0
2022,Cameroon,Nouhou Tolo,1997-06-23,436332,matched,2022-11-07,3000000.0
2022,Cameroon,Souaibou Marou,2000-12-03,,no_birthdate_name_match,,
2022,Serbia,Marko Dmitrović,1992-01-24,94308,matched,2022-11-06,5000000.0
2022,Serbia,Strahinja Pavlović,2001-05-24,574671,matched,2022-11-09,20000000.0
2022,Serbia,Strahinja Eraković,2001-01-22,574660,matched,2022-11-13,7000000.0
2022,Serbia,Nikola Milenković,1997-10-12,413507,matched,2022-11-10,20000000.0
2022,Serbia,Miloš Veljković,1995-09-26,202228,matched,2022-11-08,5000000.0
2022,Serbia,Nemanja Maksimović,1995-01-26,,no_birthdate_name_match,,
2022,Serbia,Nemanja Radonjić,1996-02-15,245078,matched,2022-11-10,4000000.0
2022,Serbia,Nemanja Gudelj,1991-11-16,74294,matched,2022-11-06,4000000.0
2022,Serbia,Aleksandar Mitrović,1994-09-16,51152,matched,2022-11-02,28000000.0
2022,Serbia,Dušan Tadić,1988-11-20,36139,matched,2022-11-10,7000000.0
2022,Serbia,Luka Jović,1997-12-23,257462,matched,2022-11-10,14000000.0
2022,Serbia,Predrag Rajković,1995-10-31,190263,matched,2022-11-06,10000000.0
2022,Serbia,Stefan Mitrović,1990-05-22,143029,matched,2022-11-06,2000000.0
2022,Serbia,Andrija Živković,1996-07-11,206843,matched,2022-11-06,6000000.0
2022,Serbia,Srđan Babić,1996-04-22,,no_birthdate_name_match,,
2022,Serbia,Saša Lukić,1996-08-13,245056,matched,2022-11-10,13000000.0
2022,Serbia,Filip Kostić,1992-11-01,161011,matched,2022-11-10,24000000.0
2022,Serbia,Dušan Vlahović,2000-01-28,357498,matched,2022-11-10,80000000.0
2022,Serbia,Uroš Račić,1998-03-17,417575,matched,2022-10-31,6500000.0
2022,Serbia,Sergej Milinković-Savić,1995-02-27,,no_birthdate_name_match,,
2022,Serbia,Filip Đuričić,1992-01-30,,no_birthdate_name_match,,
2022,Serbia,Darko Lazović,1990-09-15,70411,matched,2022-11-10,2500000.0
2022,Serbia,Vanja Milinković-Savić,1997-02-20,257474,matched,2022-11-10,2500000.0
2022,Serbia,Ivan Ilić,2001-03-17,470794,matched,2022-11-10,13000000.0
2022,Serbia,Filip Mladenović,1991-08-15,168063,matched,2022-11-13,1500000.0
2022,Serbia,Marko Grujić,1996-04-13,222813,matched,2022-10-31,9000000.0
2022,Switzerland,Yann Sommer,1988-12-17,42205,matched,2022-11-08,5000000.0
2022,Switzerland,Edimilson Fernandes,1996-04-15,247555,matched,2022-11-08,3000000.0
2022,Switzerland,Silvan Widmer,1993-03-05,,no_birthdate_name_match,,
2022,Switzerland,Nico Elvedi,1996-09-30,192635,matched,2022-11-08,20000000.0
2022,Switzerland,Manuel Akanji,1995-07-19,284730,matched,2022-11-02,30000000.0
2022,Switzerland,Denis Zakaria,1996-11-20,334526,matched,2022-11-02,20000000.0
2022,Switzerland,Breel Embolo,1997-02-14,237662,matched,2022-11-01,20000000.0
2022,Switzerland,Remo Freuler,1992-04-15,148252,matched,2022-11-02,13000000.0
2022,Switzerland,Haris Seferovic,1992-02-22,109256,matched,2022-10-26,6000000.0
2022,Switzerland,Granit Xhaka,1992-09-27,111455,matched,2022-11-02,28000000.0
2022,Switzerland,Renato Steffen,1991-11-03,194638,matched,2022-11-09,1000000.0
2022,Switzerland,Jonas Omlin,1994-01-10,247915,matched,2022-11-01,7000000.0
2022,Switzerland,Ricardo Rodriguez,1992-08-25,86784,matched,2022-11-10,3500000.0
2022,Switzerland,Michel Aebischer,1997-01-06,237658,matched,2022-11-10,3500000.0
2022,Switzerland,Djibril Sow,1997-02-06,212723,matched,2022-11-08,22000000.0
2022,Switzerland,Christian Fassnacht,1993-11-11,250490,matched,2022-11-09,3000000.0
2022,Switzerland,Ruben Vargas,1998-08-05,345886,matched,2022-11-08,6000000.0
2022,Switzerland,Eray Cömert,1998-02-04,298583,matched,2022-11-06,4000000.0
2022,Switzerland,Noah Okafor,2000-05-24,346890,matched,2022-11-09,25000000.0
2022,Switzerland,Fabian Frei,1989-01-08,52595,matched,2022-11-09,500000.0
2022,Switzerland,Gregor Kobel,1997-12-06,257814,matched,2022-11-08,25000000.0
2022,Switzerland,Fabian Schär,1991-12-20,135343,matched,2022-11-02,10000000.0
2022,Switzerland,Xherdan Shaqiri,1991-10-10,86792,matched,2022-11-07,4000000.0
2022,Switzerland,Philipp Köhn,1998-04-02,251322,matched,2022-11-09,4000000.0
2022,Switzerland,Fabian Rieder,2002-02-16,507341,matched,2022-11-09,10000000.0
2022,Switzerland,Ardon Jashari,2002-07-30,608172,matched,2022-11-09,2500000.0
2022,Ghana,Lawrence Ati-Zigi,1996-11-29,254285,matched,2022-11-09,2500000.0
2022,Ghana,Tariq Lamptey,2000-09-30,504148,matched,2022-11-02,15000000.0
2022,Ghana,Denis Odoi,1988-05-27,59641,matched,2022-11-03,600000.0
2022,Ghana,Mohammed Salisu,1999-04-17,563963,matched,2022-11-02,18000000.0
2022,Ghana,Thomas Partey,1993-06-13,230784,matched,2022-11-02,38000000.0
2022,Ghana,Elisha Owusu,1997-11-07,395695,matched,2022-11-03,2500000.0
2022,Ghana,Abdul Fatawu Issahaku,2004-03-08,864121,matched,2022-10-31,3000000.0
2022,Ghana,Daniel-Kofi Kyereh,1996-03-08,272587,matched,2022-11-08,8000000.0
2022,Ghana,Jordan Ayew,1991-09-11,108354,matched,2022-11-02,6000000.0
2022,Ghana,André Ayew,1989-12-17,45403,matched,2022-11-09,2200000.0
2022,Ghana,Osman Bukari,1998-12-13,548650,matched,2022-11-13,5000000.0
2022,Ghana,Ibrahim Danlad,2002-12-02,,no_birthdate_name_match,,
2022,Ghana,Daniel Afriyie,2001-06-26,,no_birthdate_name_match,,
2022,Ghana,Gideon Mensah,1998-07-18,397171,matched,2022-11-01,2000000.0
2022,Ghana,Joseph Aidoo,1995-09-29,358250,matched,2022-11-06,7000000.0
2022,Ghana,Abdul Manaf Nurudeen,1999-02-08,511168,matched,2022-11-03,400000.0
2022,Ghana,Baba Rahman,1994-07-02,,no_birthdate_name_match,,
2022,Ghana,Daniel Amartey,1994-12-21,214056,matched,2022-11-02,15000000.0
2022,Ghana,Iñaki Williams,1994-06-15,255508,matched,2022-11-06,25000000.0
2022,Ghana,Mohammed Kudus,2000-08-02,543499,matched,2022-11-10,15000000.0
2022,Ghana,Salis Abdul Samed,2000-03-26,688707,matched,2022-11-01,10000000.0
2022,Ghana,Kamaldeen Sulemana,2002-02-15,746695,matched,2022-11-01,18000000.0
2022,Ghana,Alexander Djiku,1994-08-09,,no_birthdate_name_match,,
2022,Ghana,Kamal Sowah,2000-01-09,564489,matched,2022-11-03,6000000.0
2022,Ghana,Antoine Semenyo,2000-01-07,583255,matched,2022-10-26,3000000.0
2022,Ghana,Alidu Seidu,2000-06-04,798404,matched,2022-11-01,4500000.0
2022,Portugal,Rui Patrício,1988-02-15,45026,matched,2022-11-10,5000000.0
2022,Portugal,Diogo Dalot,1999-03-18,357147,matched,2022-11-02,32000000.0
2022,Portugal,Pepe,1983-02-26,14132,matched,2022-10-31,1000000.0
2022,Portugal,Rúben Dias,1997-05-14,258004,matched,2022-11-02,75000000.0
2022,Portugal,Raphaël Guerreiro,1993-12-22,170986,matched,2022-11-08,20000000.0
2022,Portugal,João Palhinha,1995-07-09,257455,matched,2022-11-02,28000000.0
2022,Portugal,Cristiano Ronaldo,1985-02-05,8198,matched,2022-11-02,20000000.0
2022,Portugal,Bruno Fernandes,1994-09-08,240306,matched,2022-11-02,75000000.0
2022,Portugal,André Silva,1995-11-06,198008,matched,2022-11-08,24000000.0
2022,Portugal,Bernardo Silva,1994-08-10,241641,matched,2022-11-02,80000000.0
2022,Portugal,João Félix,1999-11-10,462250,matched,2022-11-06,50000000.0
2022,Portugal,José Sá,1993-01-17,249994,matched,2022-11-02,18000000.0
2022,Portugal,Danilo Pereira,1991-09-09,141050,matched,2022-11-01,12000000.0
2022,Portugal,William Carvalho,1992-04-07,100131,matched,2022-11-06,16000000.0
2022,Portugal,Rafael Leão,1999-06-10,357164,matched,2022-11-10,85000000.0
2022,Portugal,Vitinha,2000-02-13,487469,matched,2022-11-01,45000000.0
2022,Portugal,João Mário,1993-01-19,149729,matched,2022-10-31,12000000.0
2022,Portugal,Rúben Neves,1997-03-13,225161,matched,2022-11-02,40000000.0
2022,Portugal,Nuno Mendes,2002-06-19,616341,matched,2022-11-01,60000000.0
2022,Portugal,João Cancelo,1994-05-27,182712,matched,2022-11-02,70000000.0
2022,Portugal,Ricardo Horta,1994-09-15,261927,matched,2022-10-31,20000000.0
2022,Portugal,Diogo Costa,1999-09-19,357153,matched,2022-10-31,35000000.0
2022,Portugal,Matheus Nunes,1998-08-27,601883,matched,2022-11-02,45000000.0
2022,Portugal,António Silva,2003-10-30,650568,matched,2022-10-31,15000000.0
2022,Portugal,Otávio,1995-02-09,231289,matched,2022-10-31,30000000.0
2022,Portugal,Gonçalo Ramos,2001-06-20,550550,matched,2022-10-31,24000000.0
2022,South Korea,Kim Seung-gyu,1990-09-30,,no_birthdate_name_match,,
2022,South Korea,Yoon Jong-gyu,1998-03-20,402163,matched,2022-11-13,650000.0
2022,South Korea,Kim Jin-su,1992-06-13,,no_birthdate_name_match,,
2022,South Korea,Kim Min-jae,1996-11-15,503482,matched,2022-11-10,35000000.0
2022,South Korea,Jung Woo-young,1989-12-14,171935,matched,2022-11-09,600000.0
2022,South Korea,Hwang In-beom,1996-09-20,365394,matched,2022-11-06,3500000.0
2022,South Korea,Son Heung-min,1992-07-08,91845,matched,2022-11-02,70000000.0
2022,South Korea,Paik Seung-ho,1997-03-17,282689,matched,2022-11-13,1000000.0
2022,South Korea,Cho Gue-sung,1998-01-25,652537,matched,2022-11-13,1400000.0
2022,South Korea,Lee Jae-sung,1992-08-10,,no_birthdate_name_match,,
2022,South Korea,Hwang Hee-chan,1996-01-26,292246,matched,2022-11-02,12000000.0
2022,South Korea,Song Bum-keun,1997-10-15,,no_birthdate_name_match,,
2022,South Korea,Son Jun-ho,1992-05-12,312446,matched,2022-11-13,3500000.0
2022,South Korea,Hong Chul,1990-09-17,151791,matched,2022-11-13,500000.0
2022,South Korea,Kim Moon-hwan,1995-08-01,524592,matched,2022-11-13,950000.0
2022,South Korea,Hwang Ui-jo,1992-08-28,260166,matched,2022-11-06,5000000.0
2022,South Korea,Na Sang-ho,1996-08-12,508381,matched,2022-11-13,900000.0
2022,South Korea,Lee Kang-in,2001-02-19,557149,matched,2022-11-06,12000000.0
2022,South Korea,Kim Young-gwon,1990-02-27,126640,matched,2022-11-13,600000.0
2022,South Korea,Kwon Kyung-won,1992-01-31,260189,matched,2022-11-13,800000.0
2022,South Korea,Jo Hyeon-woo,1991-09-25,260171,matched,2022-11-13,1300000.0
2022,South Korea,Kwon Chang-hoon,1994-06-30,259350,matched,2022-11-13,900000.0
2022,South Korea,Kim Tae-hwan,1989-07-24,156009,matched,2022-11-13,900000.0
2022,South Korea,Cho Yu-min,1996-11-17,,no_birthdate_name_match,,
2022,South Korea,Jeong Woo-yeong,1999-09-20,297583,matched,2022-11-08,5500000.0
2022,South Korea,Song Min-kyu,1999-09-12,,no_birthdate_name_match,,
2022,Uruguay,Fernando Muslera,1986-06-16,58088,matched,2022-10-26,1700000.0
2022,Uruguay,José Giménez,1995-01-20,,no_birthdate_name_match,,
2022,Uruguay,Diego Godín,1986-02-16,54928,matched,2022-10-25,700000.0
2022,Uruguay,Ronald Araújo,1999-03-07,480267,matched,2022-11-06,60000000.0
2022,Uruguay,Matías Vecino,1991-08-24,143812,matched,2022-11-10,4500000.0
2022,Uruguay,Rodrigo Bentancur,1997-06-25,354362,matched,2022-11-02,40000000.0
2022,Uruguay,Nicolás de la Cruz,1997-06-01,,no_birthdate_name_match,,
2022,Uruguay,Facundo Pellistri,2001-12-20,676318,matched,2022-11-02,3000000.0
2022,Uruguay,Luis Suárez,1987-01-24,44352,matched,2022-11-11,4000000.0
2022,Uruguay,Giorgian de Arrascaeta,1994-06-01,248410,matched,2022-11-13,19000000.0
2022,Uruguay,Darwin Núñez,1999-06-24,546543,matched,2022-11-02,70000000.0
2022,Uruguay,Sebastián Sosa,1986-08-19,76592,matched,2022-10-25,800000.0
2022,Uruguay,Guillermo Varela,1993-03-24,188862,matched,2022-11-13,2000000.0
2022,Uruguay,Lucas Torreira,1996-02-11,318077,matched,2022-10-26,15000000.0
2022,Uruguay,Federico Valverde,1998-07-22,369081,matched,2022-11-06,100000000.0
2022,Uruguay,Mathías Olivera,1997-10-31,376514,matched,2022-11-10,15000000.0
2022,Uruguay,Matías Viña,1997-11-09,439072,matched,2022-11-10,6000000.0
2022,Uruguay,Maxi Gómez,1996-08-14,396894,matched,2022-10-26,7500000.0
2022,Uruguay,Sebastián Coates,1990-10-07,102427,matched,2022-10-31,6000000.0
2022,Uruguay,Facundo Torres,2000-04-13,465822,matched,2022-11-07,8000000.0
2022,Uruguay,Edinson Cavani,1987-02-14,48280,matched,2022-11-06,5000000.0
2022,Uruguay,Martín Cáceres,1987-04-07,54935,matched,2022-11-07,500000.0
2022,Uruguay,Sergio Rochet,1993-03-23,264014,matched,2022-11-11,4000000.0
2022,Uruguay,Agustín Canobbio,1998-10-01,457533,matched,2022-11-13,4000000.0
2022,Uruguay,Manuel Ugarte,2001-04-11,476701,matched,2022-10-31,18000000.0
2022,Uruguay,José Luis Rodríguez,1997-03-14,430339,matched,2022-11-11,2000000.0
